"datetime","excel_code","day","time","field_soil_temp_c","field_air_temp_c","field_rh","field_soil_wc","forest_soil_temp_c","forest_air_temp_c","forest_rh","forest_soil_wc","pond_soil_temp_c","pond_air_temp_c","pond_rh","pond_soil_wc"
"2017-02-01 0:00","42767","42767","0","0.024","-3.035","94.7","0.1594","0.852","-3.035","92.5","0.155","NA","NA","NA","NA"
"2017-02-01 1:00","42767.04167","42767","0.041666667","0.024","-3.479","95","0.1594","0.852","-3.39","92.5","0.155","NA","NA","NA","NA"
"2017-02-01 2:00","42767.08333","42767","0.083333333","0.024","-3.212","95.2","0.1586","0.852","-3.271","92.4","0.155","NA","NA","NA","NA"
"2017-02-01 3:00","42767.125","42767","0.125","0.024","-1.842","95.2","0.1579","0.852","-2.16","92","0.155","NA","NA","NA","NA"
"2017-02-01 4:00","42767.16667","42767","0.166666667","0.024","-1.356","90.8","0.1572","0.852","-1.613","87.9","0.155","NA","NA","NA","NA"
"2017-02-01 5:00","42767.20833","42767","0.208333333","0.024","-1.213","88.1","0.1564","0.852","-1.441","86.4","0.155","NA","NA","NA","NA"
"2017-02-01 6:00","42767.25","42767","0.25","0.024","-1.043","87.9","0.1564","0.852","-1.1","86.3","0.155","NA","NA","NA","NA"
"2017-02-01 7:00","42767.29167","42767","0.291666667","0.024","-1.641","85.7","0.1557","0.852","-1.556","84.1","0.155","NA","NA","NA","NA"
"2017-02-01 8:00","42767.33333","42767","0.333333333","0.024","-0.732","84.2","0.1557","0.852","-1.015","83","0.155","NA","NA","NA","NA"
"2017-02-01 9:00","42767.375","42767","0.375","0.024","-0.06","82.7","0.1557","0.852","-0.451","82.4","0.155","NA","NA","NA","NA"
"2017-02-01 10:00","42767.41667","42767","0.416666667","0.024","1.18","80","0.1572","0.852","0.522","81","0.155","NA","NA","NA","NA"
"2017-02-01 11:00","42767.45833","42767","0.458333333","0.024","2.423","74.6","0.1586","0.825","1.398","77.7","0.155","NA","NA","NA","NA"
"2017-02-01 12:00","42767.5","42767","0.5","0.024","1.534","72.6","0.1572","0.825","1.044","75.7","0.155","NA","NA","NA","NA"
"2017-02-01 13:00","42767.54167","42767","0.541666667","0.024","1.262","66.7","0.1564","0.852","0.934","70.2","0.155","NA","NA","NA","NA"
"2017-02-01 14:00","42767.58333","42767","0.583333333","0.024","2.877","64.2","0.1564","0.852","2.128","67.8","0.1557","NA","NA","NA","NA"
"2017-02-01 15:00","42767.625","42767","0.625","0.024","2.236","63.8","0.155","0.852","1.615","69.2","0.155","NA","NA","NA","NA"
"2017-02-01 16:00","42767.66667","42767","0.666666667","0.024","1.507","60","0.155","0.852","1.371","64.7","0.155","NA","NA","NA","NA"
"2017-02-01 17:00","42767.70833","42767","0.708333333","0.024","0.934","57.9","0.155","0.852","0.825","62.5","0.155","NA","NA","NA","NA"
"2017-02-01 18:00","42767.75","42767","0.75","0.024","0.66","59.8","0.1557","0.852","0.522","64.5","0.155","NA","NA","NA","NA"
"2017-02-01 19:00","42767.79167","42767","0.791666667","0.024","0.163","64.6","0.1557","0.852","0.079","69.5","0.155","NA","NA","NA","NA"
"2017-02-01 20:00","42767.83333","42767","0.833333333","0.024","-0.032","69.6","0.1557","0.852","-0.088","72.7","0.155","NA","NA","NA","NA"
"2017-02-01 21:00","42767.875","42767","0.875","0.024","-0.817","74","0.1557","0.852","-0.845","76.9","0.155","NA","NA","NA","NA"
"2017-02-01 22:00","42767.91667","42767","0.916666667","0.024","-0.817","80.5","0.1557","0.852","-0.958","82.6","0.155","NA","NA","NA","NA"
"2017-02-01 23:00","42767.95833","42767","0.958333333","0.024","-1.785","81.1","0.155","0.852","-1.67","81.9","0.155","NA","NA","NA","NA"
"2017-02-02 0:00","42768","42768","0","0.024","-2.45","83.3","0.155","0.88","-2.392","83.8","0.155","NA","NA","NA","NA"
"2017-02-02 1:00","42768.04167","42768","0.041666667","0.024","-2.712","81.3","0.1543","0.88","-2.742","80.2","0.155","NA","NA","NA","NA"
"2017-02-02 2:00","42768.08333","42768","0.083333333","0.024","-3.36","73.9","0.1543","0.88","-3.271","74.1","0.155","NA","NA","NA","NA"
"2017-02-02 3:00","42768.125","42768","0.125","0.024","-4.046","75.9","0.1535","0.88","-3.627","75.8","0.155","NA","NA","NA","NA"
"2017-02-02 4:00","42768.16667","42768","0.166666667","0.024","-3.807","76.3","0.1528","0.88","-3.747","75.7","0.155","NA","NA","NA","NA"
"2017-02-02 5:00","42768.20833","42768","0.208333333","0.024","-4.137","74.8","0.1521","0.88","-3.986","74.5","0.155","NA","NA","NA","NA"
"2017-02-02 6:00","42768.25","42768","0.25","0.024","-4.56","75.2","0.1514","0.88","-4.318","74.9","0.155","NA","NA","NA","NA"
"2017-02-02 7:00","42768.29167","42768","0.291666667","0.024","-4.621","76.1","0.1499","0.88","-4.439","75","0.155","NA","NA","NA","NA"
"2017-02-02 8:00","42768.33333","42768","0.333333333","0.024","-4.227","74.2","0.1485","0.88","-4.318","73.2","0.155","NA","NA","NA","NA"
"2017-02-02 9:00","42768.375","42768","0.375","0.024","-3.836","67.8","0.1477","0.88","-4.076","68.3","0.155","NA","NA","NA","NA"
"2017-02-02 10:00","42768.41667","42768","0.416666667","0.024","-2.654","61.9","0.1463","0.852","-3.39","65.4","0.155","NA","NA","NA","NA"
"2017-02-02 11:00","42768.45833","42768","0.458333333","0.024","-3.006","57.2","0.1448","0.852","-3.419","61.7","0.155","NA","NA","NA","NA"
"2017-02-02 12:00","42768.5","42768","0.5","0.024","-3.301","57.9","0.1448","0.852","-3.598","62.3","0.155","NA","NA","NA","NA"
"2017-02-02 13:00","42768.54167","42768","0.541666667","0.024","-4.076","58.1","0.1441","0.852","-4.408","62.6","0.1543","NA","NA","NA","NA"
"2017-02-02 14:00","42768.58333","42768","0.583333333","0.024","-3.986","56","0.1434","0.852","-4.53","60.6","0.1543","NA","NA","NA","NA"
"2017-02-02 15:00","42768.625","42768","0.625","0.024","-4.197","53.2","0.1434","0.825","-4.895","57.8","0.1543","NA","NA","NA","NA"
"2017-02-02 16:00","42768.66667","42768","0.666666667","0.024","-4.895","55.4","0.1419","0.825","-5.264","59.6","0.155","NA","NA","NA","NA"
"2017-02-02 17:00","42768.70833","42768","0.708333333","0.024","-5.511","58.8","0.1405","0.797","-5.636","62.1","0.1543","NA","NA","NA","NA"
"2017-02-02 18:00","42768.75","42768","0.75","0.024","-5.979","60.9","0.1383","0.797","-6.042","63.8","0.1543","NA","NA","NA","NA"
"2017-02-02 19:00","42768.79167","42768","0.791666667","0.024","-6.073","64.9","0.1368","0.797","-6.136","67.6","0.1543","NA","NA","NA","NA"
"2017-02-02 20:00","42768.83333","42768","0.833333333","0.024","-6.01","64.7","0.1354","0.77","-6.105","67.2","0.1543","NA","NA","NA","NA"
"2017-02-02 21:00","42768.875","42768","0.875","0.024","-6.01","65.4","0.1339","0.77","-6.073","67.9","0.1543","NA","NA","NA","NA"
"2017-02-02 22:00","42768.91667","42768","0.916666667","0.024","-5.916","66","0.1325","0.742","-6.01","68.1","0.1535","NA","NA","NA","NA"
"2017-02-02 23:00","42768.95833","42768","0.958333333","0.024","-6.168","65.4","0.131","0.742","-6.199","67.3","0.1535","NA","NA","NA","NA"
"2017-02-03 0:00","42769","42769","0","-0.004","-6.547","66.2","0.1296","0.742","-6.515","67.6","0.1535","NA","NA","NA","NA"
"2017-02-03 1:00","42769.04167","42769","0.041666667","-0.004","-6.962","68.3","0.1281","0.715","-6.962","69.4","0.1528","NA","NA","NA","NA"
"2017-02-03 2:00","42769.08333","42769","0.083333333","-0.004","-7.316","69.2","0.1259","0.715","-7.413","70.1","0.1528","NA","NA","NA","NA"
"2017-02-03 3:00","42769.125","42769","0.125","-0.004","-7.771","69.8","0.1245","0.687","-7.738","70.3","0.1528","NA","NA","NA","NA"
"2017-02-03 4:00","42769.16667","42769","0.166666667","-0.004","-8.165","69.7","0.1223","0.687","-8.033","70.5","0.1521","NA","NA","NA","NA"
"2017-02-03 5:00","42769.20833","42769","0.208333333","-0.004","-8.331","69.6","0.1209","0.66","-8.165","70.5","0.1521","NA","NA","NA","NA"
"2017-02-03 6:00","42769.25","42769","0.25","-0.004","-8.999","72","0.1187","0.66","-8.932","73.4","0.1514","NA","NA","NA","NA"
"2017-02-03 7:00","42769.29167","42769","0.291666667","-0.032","-9.202","75.4","0.1165","0.66","-9.134","76.3","0.1506","NA","NA","NA","NA"
"2017-02-03 8:00","42769.33333","42769","0.333333333","-0.032","-8.43","77.6","0.1136","0.632","-8.463","77.9","0.1506","NA","NA","NA","NA"
"2017-02-03 9:00","42769.375","42769","0.375","-0.032","-7.608","77","0.1121","0.632","-7.902","77.1","0.1506","NA","NA","NA","NA"
"2017-02-03 10:00","42769.41667","42769","0.416666667","-0.032","-5.698","77.1","0.1107","0.605","-6.452","77.8","0.1499","NA","NA","NA","NA"
"2017-02-03 11:00","42769.45833","42769","0.458333333","-0.032","-5.388","69.3","0.11","0.605","-5.885","70.9","0.1499","NA","NA","NA","NA"
"2017-02-03 12:00","42769.5","42769","0.5","-0.032","-5.202","60.8","0.1092","0.577","-5.979","64","0.1499","NA","NA","NA","NA"
"2017-02-03 13:00","42769.54167","42769","0.541666667","-0.032","-5.141","56.8","0.1085","0.577","-5.791","61","0.1492","NA","NA","NA","NA"
"2017-02-03 14:00","42769.58333","42769","0.583333333","-0.032","-4.621","54.9","0.1078","0.577","-5.636","58.8","0.1492","NA","NA","NA","NA"
"2017-02-03 15:00","42769.625","42769","0.625","-0.032","-5.636","54.3","0.1063","0.577","-6.042","58.9","0.1492","NA","NA","NA","NA"
"2017-02-03 16:00","42769.66667","42769","0.666666667","-0.032","-6.674","59.3","0.1049","0.577","-7.026","62.9","0.1492","NA","NA","NA","NA"
"2017-02-03 17:00","42769.70833","42769","0.708333333","-0.032","-7.155","71.6","0.1027","0.55","-7.09","73.5","0.1485","NA","NA","NA","NA"
"2017-02-03 18:00","42769.75","42769","0.75","-0.032","-7.771","73.6","0.1012","0.55","-7.706","74","0.1485","NA","NA","NA","NA"
"2017-02-03 19:00","42769.79167","42769","0.791666667","-0.032","-8.066","74.5","0.0991","0.55","-7.935","74.5","0.1477","NA","NA","NA","NA"
"2017-02-03 20:00","42769.83333","42769","0.833333333","-0.032","-8.231","75.1","0.0976","0.55","-8.132","75.1","0.1477","NA","NA","NA","NA"
"2017-02-03 21:00","42769.875","42769","0.875","-0.06","-7.706","75.9","0.0954","0.522","-7.738","75.7","0.147","NA","NA","NA","NA"
"2017-02-03 22:00","42769.91667","42769","0.916666667","-0.06","-6.802","74.7","0.094","0.522","-6.93","74.6","0.1463","NA","NA","NA","NA"
"2017-02-03 23:00","42769.95833","42769","0.958333333","-0.06","-6.579","72.1","0.0925","0.522","-6.706","72.2","0.1463","NA","NA","NA","NA"
"2017-02-04 0:00","42770","42770","0","-0.06","-6.452","69.7","0.0911","0.495","-6.547","70.2","0.1463","NA","NA","NA","NA"
"2017-02-04 1:00","42770.04167","42770","0.041666667","-0.06","-6.42","69.5","0.0904","0.495","-6.547","70.5","0.1456","NA","NA","NA","NA"
"2017-02-04 2:00","42770.08333","42770","0.083333333","-0.06","-6.388","70.1","0.0896","0.467","-6.452","71.1","0.1456","NA","NA","NA","NA"
"2017-02-04 3:00","42770.125","42770","0.125","-0.06","-6.674","69.6","0.0889","0.467","-6.706","70.4","0.1448","NA","NA","NA","NA"
"2017-02-04 4:00","42770.16667","42770","0.166666667","-0.088","-6.834","69.6","0.0882","0.467","-6.866","70.1","0.1448","NA","NA","NA","NA"
"2017-02-04 5:00","42770.20833","42770","0.208333333","-0.088","-7.122","70.5","0.0874","0.467","-7.122","71.3","0.1441","NA","NA","NA","NA"
"2017-02-04 6:00","42770.25","42770","0.25","-0.088","-7.902","71.8","0.0867","0.439","-7.738","72.6","0.1441","NA","NA","NA","NA"
"2017-02-04 7:00","42770.29167","42770","0.291666667","-0.088","-9.1","75.3","0.086","0.439","-8.898","75.9","0.1434","NA","NA","NA","NA"
"2017-02-04 8:00","42770.33333","42770","0.333333333","-0.116","-9.033","77.2","0.0845","0.439","-9.168","77.1","0.1434","NA","NA","NA","NA"
"2017-02-04 9:00","42770.375","42770","0.375","-0.116","-8","77","0.0838","0.439","-8.231","76.5","0.1426","NA","NA","NA","NA"
"2017-02-04 10:00","42770.41667","42770","0.416666667","-0.116","-6.388","73.4","0.0838","0.412","-6.802","73.9","0.1426","NA","NA","NA","NA"
"2017-02-04 11:00","42770.45833","42770","0.458333333","-0.116","-5.11","69.7","0.0838","0.412","-5.791","71.2","0.1426","NA","NA","NA","NA"
"2017-02-04 12:00","42770.5","42770","0.5","-0.116","-5.079","66.6","0.0838","0.412","-5.574","68.9","0.1426","NA","NA","NA","NA"
"2017-02-04 13:00","42770.54167","42770","0.541666667","-0.116","-3.896","64.2","0.0845","0.412","-4.773","67.1","0.1419","NA","NA","NA","NA"
"2017-02-04 14:00","42770.58333","42770","0.583333333","-0.116","-2.131","60.7","0.0845","0.384","-3.508","64.5","0.1419","NA","NA","NA","NA"
"2017-02-04 15:00","42770.625","42770","0.625","-0.088","-3.065","59.1","0.0845","0.384","-3.33","63.7","0.1419","NA","NA","NA","NA"
"2017-02-04 16:00","42770.66667","42770","0.666666667","-0.088","-3.006","59.4","0.0845","0.384","-3.124","63.6","0.1419","NA","NA","NA","NA"
"2017-02-04 17:00","42770.70833","42770","0.708333333","-0.088","-3.747","57.2","0.0845","0.384","-3.807","61.6","0.1419","NA","NA","NA","NA"
"2017-02-04 18:00","42770.75","42770","0.75","-0.088","-4.621","61.5","0.0831","0.384","-4.469","65.1","0.1419","NA","NA","NA","NA"
"2017-02-04 19:00","42770.79167","42770","0.791666667","-0.116","-5.264","66","0.0831","0.384","-4.957","68.5","0.1412","NA","NA","NA","NA"
"2017-02-04 20:00","42770.83333","42770","0.833333333","-0.116","-4.926","70.8","0.0824","0.384","-4.926","72.8","0.1412","NA","NA","NA","NA"
"2017-02-04 21:00","42770.875","42770","0.875","-0.116","-4.651","73.1","0.0816","0.356","-4.712","74.7","0.1412","NA","NA","NA","NA"
"2017-02-04 22:00","42770.91667","42770","0.916666667","-0.143","-4.227","73.8","0.0824","0.356","-4.318","75.7","0.1412","NA","NA","NA","NA"
"2017-02-04 23:00","42770.95833","42770","0.958333333","-0.143","-3.627","72.9","0.0824","0.356","-3.687","74","0.1405","NA","NA","NA","NA"
"2017-02-05 0:00","42771","42771","0","-0.143","-2.712","70.7","0.0824","0.356","-2.83","71.5","0.1405","NA","NA","NA","NA"
"2017-02-05 1:00","42771.04167","42771","0.041666667","-0.143","-2.45","65.7","0.0824","0.356","-2.392","67.4","0.1405","NA","NA","NA","NA"
"2017-02-05 2:00","42771.08333","42771","0.083333333","-0.143","-2.363","64.1","0.0831","0.356","-2.45","66.5","0.1405","NA","NA","NA","NA"
"2017-02-05 3:00","42771.125","42771","0.125","-0.143","-2.566","63.8","0.0831","0.356","-2.683","66.7","0.1405","NA","NA","NA","NA"
"2017-02-05 4:00","42771.16667","42771","0.166666667","-0.143","-2.654","63.5","0.0831","0.356","-2.742","66.3","0.1405","NA","NA","NA","NA"
"2017-02-05 5:00","42771.20833","42771","0.208333333","-0.143","-2.508","64.5","0.0831","0.356","-2.683","67.6","0.1405","NA","NA","NA","NA"
"2017-02-05 6:00","42771.25","42771","0.25","-0.143","-2.305","65.4","0.0831","0.356","-2.392","68.2","0.1405","NA","NA","NA","NA"
"2017-02-05 7:00","42771.29167","42771","0.291666667","-0.143","-1.756","66.6","0.0831","0.356","-1.929","69.6","0.1397","NA","NA","NA","NA"
"2017-02-05 8:00","42771.33333","42771","0.333333333","-0.143","-2.83","78.2","0.0845","0.356","-2.947","81.9","0.1405","NA","NA","NA","NA"
"2017-02-05 9:00","42771.375","42771","0.375","-0.116","-2.218","86.9","0.0853","0.356","-2.421","87.4","0.1405","NA","NA","NA","NA"
"2017-02-05 10:00","42771.41667","42771","0.416666667","-0.116","-1.814","88.4","0.086","0.329","-2.131","87.5","0.1405","NA","NA","NA","NA"
"2017-02-05 11:00","42771.45833","42771","0.458333333","-0.116","-0.986","86.7","0.0867","0.356","-1.213","85.2","0.1405","NA","NA","NA","NA"
"2017-02-05 12:00","42771.5","42771","0.5","-0.116","-0.62","82.4","0.0867","0.329","-0.845","82.3","0.1405","NA","NA","NA","NA"
"2017-02-05 13:00","42771.54167","42771","0.541666667","-0.116","-0.311","82","0.0874","0.329","-0.563","82.3","0.1405","NA","NA","NA","NA"
"2017-02-05 14:00","42771.58333","42771","0.583333333","-0.088","0.384","80.9","0.0889","0.329","-0.06","81.3","0.1405","NA","NA","NA","NA"
"2017-02-05 15:00","42771.625","42771","0.625","-0.088","0.522","78.2","0.0882","0.356","0.301","79.2","0.1405","NA","NA","NA","NA"
"2017-02-05 16:00","42771.66667","42771","0.666666667","-0.088","0.577","79.3","0.0889","0.356","0.329","80","0.1412","NA","NA","NA","NA"
"2017-02-05 17:00","42771.70833","42771","0.708333333","-0.088","0.77","79.5","0.0889","0.356","0.577","79.6","0.1412","NA","NA","NA","NA"
"2017-02-05 18:00","42771.75","42771","0.75","-0.088","0.135","76.2","0.0896","0.356","0.051","77","0.1412","NA","NA","NA","NA"
"2017-02-05 19:00","42771.79167","42771","0.791666667","-0.088","-0.986","72.6","0.0896","0.356","-0.732","73","0.1419","NA","NA","NA","NA"
"2017-02-05 20:00","42771.83333","42771","0.833333333","-0.088","-1.27","70.5","0.0896","0.356","-1.1","70.8","0.1419","NA","NA","NA","NA"
"2017-02-05 21:00","42771.875","42771","0.875","-0.088","-1.299","68.4","0.0904","0.356","-1.299","69.3","0.1419","NA","NA","NA","NA"
"2017-02-05 22:00","42771.91667","42771","0.916666667","-0.088","-2.073","71.7","0.0896","0.356","-2.073","73.4","0.1419","NA","NA","NA","NA"
"2017-02-05 23:00","42771.95833","42771","0.958333333","-0.088","-2.479","77.3","0.0896","0.356","-2.508","77.9","0.1419","NA","NA","NA","NA"
"2017-02-06 0:00","42772","42772","0","-0.088","-2.596","78","0.0896","0.356","-2.654","77.8","0.1419","NA","NA","NA","NA"
"2017-02-06 1:00","42772.04167","42772","0.041666667","-0.088","-2.888","76.2","0.0889","0.356","-2.83","76.1","0.1419","NA","NA","NA","NA"
"2017-02-06 2:00","42772.08333","42772","0.083333333","-0.088","-3.449","76.9","0.0889","0.356","-3.419","76.4","0.1419","NA","NA","NA","NA"
"2017-02-06 3:00","42772.125","42772","0.125","-0.088","-4.865","76.7","0.0882","0.356","-4.408","75.9","0.1419","NA","NA","NA","NA"
"2017-02-06 4:00","42772.16667","42772","0.166666667","-0.116","-5.018","78.9","0.0874","0.356","-4.287","78.5","0.1419","NA","NA","NA","NA"
"2017-02-06 5:00","42772.20833","42772","0.208333333","-0.116","-4.987","77.2","0.0867","0.356","-4.773","75.6","0.1419","NA","NA","NA","NA"
"2017-02-06 6:00","42772.25","42772","0.25","-0.116","-4.621","76","0.086","0.356","-4.408","75.8","0.1419","NA","NA","NA","NA"
"2017-02-06 7:00","42772.29167","42772","0.291666667","-0.116","-4.016","75.6","0.086","0.356","-4.016","73.8","0.1419","NA","NA","NA","NA"
"2017-02-06 8:00","42772.33333","42772","0.333333333","-0.143","-3.896","74.6","0.0853","0.356","-3.926","75.1","0.1419","NA","NA","NA","NA"
"2017-02-06 9:00","42772.375","42772","0.375","-0.143","-2.976","72.6","0.086","0.356","-3.271","73.8","0.1419","NA","NA","NA","NA"
"2017-02-06 10:00","42772.41667","42772","0.416666667","-0.143","-1.929","70.4","0.086","0.329","-2.276","72","0.1419","NA","NA","NA","NA"
"2017-02-06 11:00","42772.45833","42772","0.458333333","-0.116","-1.185","66.1","0.0867","0.329","-1.699","69.1","0.1419","NA","NA","NA","NA"
"2017-02-06 12:00","42772.5","42772","0.5","-0.116","-0.732","63.3","0.0874","0.329","-1.1","66.8","0.1419","NA","NA","NA","NA"
"2017-02-06 13:00","42772.54167","42772","0.541666667","-0.116","1.099","58.8","0.0867","0.329","0.329","63.5","0.1419","NA","NA","NA","NA"
"2017-02-06 14:00","42772.58333","42772","0.583333333","-0.088","2.557","57","0.0874","0.329","1.697","62.4","0.1419","NA","NA","NA","NA"
"2017-02-06 15:00","42772.625","42772","0.625","-0.088","2.047","54.7","0.0882","0.329","1.235","60.7","0.1419","NA","NA","NA","NA"
"2017-02-06 16:00","42772.66667","42772","0.666666667","-0.088","1.48","54.9","0.0896","0.329","1.18","60.7","0.1426","NA","NA","NA","NA"
"2017-02-06 17:00","42772.70833","42772","0.708333333","-0.088","0.989","58.5","0.0904","0.329","0.907","64.1","0.1426","NA","NA","NA","NA"
"2017-02-06 18:00","42772.75","42772","0.75","-0.088","-0.76","64.6","0.0904","0.329","-0.283","68","0.1426","NA","NA","NA","NA"
"2017-02-06 19:00","42772.79167","42772","0.791666667","-0.088","-0.845","68.6","0.0904","0.329","-0.62","72.4","0.1426","NA","NA","NA","NA"
"2017-02-06 20:00","42772.83333","42772","0.833333333","-0.088","-0.591","70.6","0.0918","0.329","-0.789","75.8","0.1434","NA","NA","NA","NA"
"2017-02-06 21:00","42772.875","42772","0.875","-0.06","-0.227","73.2","0.0918","0.329","-0.423","76.3","0.1434","NA","NA","NA","NA"
"2017-02-06 22:00","42772.91667","42772","0.916666667","-0.06","0.218","72.5","0.0925","0.329","-0.171","75.6","0.1434","NA","NA","NA","NA"
"2017-02-06 23:00","42772.95833","42772","0.958333333","-0.06","0.77","74.4","0.0925","0.329","0.522","77","0.1434","NA","NA","NA","NA"
"2017-02-07 0:00","42773","42773","0","-0.06","1.017","76.1","0.0933","0.329","0.852","77.4","0.1441","NA","NA","NA","NA"
"2017-02-07 1:00","42773.04167","42773","0.041666667","-0.06","1.208","78","0.0933","0.329","0.989","79.3","0.1441","NA","NA","NA","NA"
"2017-02-07 2:00","42773.08333","42773","0.083333333","-0.06","1.289","80.5","0.094","0.329","1.099","81.2","0.1441","NA","NA","NA","NA"
"2017-02-07 3:00","42773.125","42773","0.125","-0.06","1.262","81","0.0947","0.329","1.126","81","0.1448","NA","NA","NA","NA"
"2017-02-07 4:00","42773.16667","42773","0.166666667","-0.06","0.852","84","0.0947","0.356","0.715","83.6","0.1448","NA","NA","NA","NA"
"2017-02-07 5:00","42773.20833","42773","0.208333333","-0.06","0.989","87.2","0.0954","0.329","0.825","86.2","0.1448","NA","NA","NA","NA"
"2017-02-07 6:00","42773.25","42773","0.25","-0.06","1.289","89","0.0962","0.356","1.017","87.7","0.1448","NA","NA","NA","NA"
"2017-02-07 7:00","42773.29167","42773","0.291666667","-0.06","1.289","82.9","0.0969","0.356","1.044","82.5","0.1448","NA","NA","NA","NA"
"2017-02-07 8:00","42773.33333","42773","0.333333333","-0.06","0.77","81.1","0.0969","0.356","0.522","81.3","0.1456","NA","NA","NA","NA"
"2017-02-07 9:00","42773.375","42773","0.375","-0.06","0.135","84.6","0.0976","0.356","-0.143","84.2","0.1456","NA","NA","NA","NA"
"2017-02-07 10:00","42773.41667","42773","0.416666667","-0.032","-0.255","85.3","0.0976","0.356","-0.563","84.5","0.1456","NA","NA","NA","NA"
"2017-02-07 11:00","42773.45833","42773","0.458333333","-0.06","-0.62","87.6","0.1005","0.356","-0.902","86.4","0.1463","NA","NA","NA","NA"
"2017-02-07 12:00","42773.5","42773","0.5","-0.06","-0.676","92.9","0.1012","0.356","-0.958","91","0.1456","NA","NA","NA","NA"
"2017-02-07 13:00","42773.54167","42773","0.541666667","-0.032","-0.507","95.1","0.102","0.356","-0.76","92.3","0.1463","NA","NA","NA","NA"
"2017-02-07 14:00","42773.58333","42773","0.583333333","-0.032","-0.479","95.9","0.102","0.356","-0.789","93","0.1463","NA","NA","NA","NA"
"2017-02-07 15:00","42773.625","42773","0.625","-0.032","-0.676","96.3","0.1027","0.356","-0.958","93.2","0.1463","NA","NA","NA","NA"
"2017-02-07 16:00","42773.66667","42773","0.666666667","-0.032","-0.423","96.8","0.147","0.356","-0.732","93.7","0.1456","NA","NA","NA","NA"
"2017-02-07 17:00","42773.70833","42773","0.708333333","-0.032","-0.283","97.2","0.1441","0.356","-0.563","93.9","0.1456","NA","NA","NA","NA"
"2017-02-07 18:00","42773.75","42773","0.75","-0.032","-0.255","97.4","0.1412","0.356","-0.451","94.2","0.1456","NA","NA","NA","NA"
"2017-02-07 19:00","42773.79167","42773","0.791666667","-0.032","0.163","97.7","0.1477","0.356","0.051","94.7","0.1448","NA","NA","NA","NA"
"2017-02-07 20:00","42773.83333","42773","0.833333333","-0.004","0.079","97.9","0.1485","0.356","-0.143","95.2","0.147","NA","NA","NA","NA"
"2017-02-07 21:00","42773.875","42773","0.875","-0.004","0.051","98","0.1506","0.356","-0.088","95.5","0.1448","NA","NA","NA","NA"
"2017-02-07 22:00","42773.91667","42773","0.916666667","-0.004","0.079","98.1","0.1521","0.356","-0.116","95.8","0.1506","NA","NA","NA","NA"
"2017-02-07 23:00","42773.95833","42773","0.958333333","-0.004","3.433","98.3","0.1528","0.356","2.93","96.1","0.1652","NA","NA","NA","NA"
"2017-02-08 0:00","42774","42774","0","-0.004","5.024","98.4","0.1485","0.356","4.688","97.3","0.1797","NA","NA","NA","NA"
"2017-02-08 1:00","42774.04167","42774","0.041666667","-0.004","3.985","97.3","0.1405","0.356","3.749","94.3","0.187","NA","NA","NA","NA"
"2017-02-08 2:00","42774.08333","42774","0.083333333","-0.004","3.221","93.5","0.1528","0.329","3.036","90.8","0.1891","NA","NA","NA","NA"
"2017-02-08 3:00","42774.125","42774","0.125","-0.004","3.116","92","0.1535","0.356","3.009","89.7","0.1899","NA","NA","NA","NA"
"2017-02-08 4:00","42774.16667","42774","0.166666667","-0.004","3.063","88.7","0.1528","0.329","2.877","87","0.1899","NA","NA","NA","NA"
"2017-02-08 5:00","42774.20833","42774","0.208333333","-0.004","1.344","85","0.1535","0.356","1.153","84","0.1899","NA","NA","NA","NA"
"2017-02-08 6:00","42774.25","42774","0.25","-0.004","-0.143","81.3","0.1521","0.356","-0.088","80.7","0.1891","NA","NA","NA","NA"
"2017-02-08 7:00","42774.29167","42774","0.291666667","-0.004","-0.845","76.8","0.1514","0.356","-0.902","76.8","0.1884","NA","NA","NA","NA"
"2017-02-08 8:00","42774.33333","42774","0.333333333","-0.004","-1.071","73.8","0.1506","0.356","-1.213","73.9","0.1877","NA","NA","NA","NA"
"2017-02-08 9:00","42774.375","42774","0.375","-0.004","-0.873","70.6","0.1514","0.356","-1.1","71.6","0.187","NA","NA","NA","NA"
"2017-02-08 10:00","42774.41667","42774","0.416666667","-0.004","-0.902","71.7","0.1514","0.356","-1.242","73.6","0.1862","NA","NA","NA","NA"
"2017-02-08 11:00","42774.45833","42774","0.458333333","-0.004","-1.015","72.1","0.1514","0.356","-1.242","74.2","0.1855","NA","NA","NA","NA"
"2017-02-08 12:00","42774.5","42774","0.5","-0.004","-0.93","70.8","0.1521","0.356","-1.384","72.9","0.1848","NA","NA","NA","NA"
"2017-02-08 13:00","42774.54167","42774","0.541666667","-0.004","-0.676","67.5","0.1521","0.356","-1.157","70.1","0.184","NA","NA","NA","NA"
"2017-02-08 14:00","42774.58333","42774","0.583333333","-0.004","-0.76","68","0.1528","0.356","-1.327","70.9","0.1833","NA","NA","NA","NA"
"2017-02-08 15:00","42774.625","42774","0.625","-0.004","-0.76","66.2","0.1528","0.356","-1.043","69.2","0.1826","NA","NA","NA","NA"
"2017-02-08 16:00","42774.66667","42774","0.666666667","-0.004","-1.527","66.6","0.1528","0.384","-1.756","69.5","0.1819","NA","NA","NA","NA"
"2017-02-08 17:00","42774.70833","42774","0.708333333","-0.004","-3.39","72","0.1528","0.384","-3.212","74.3","0.1819","NA","NA","NA","NA"
"2017-02-08 18:00","42774.75","42774","0.75","-0.004","-3.926","76.5","0.1528","0.384","-3.807","77.4","0.1811","NA","NA","NA","NA"
"2017-02-08 19:00","42774.79167","42774","0.791666667","-0.004","-4.651","78.8","0.1528","0.384","-4.651","79.4","0.1804","NA","NA","NA","NA"
"2017-02-08 20:00","42774.83333","42774","0.833333333","-0.004","-4.712","81.2","0.1521","0.384","-4.682","80.7","0.1797","NA","NA","NA","NA"
"2017-02-08 21:00","42774.875","42774","0.875","-0.004","-5.202","73.6","0.1521","0.412","-5.202","72.3","0.1797","NA","NA","NA","NA"
"2017-02-08 22:00","42774.91667","42774","0.916666667","-0.004","-5.854","68.5","0.1514","0.412","-5.823","69","0.179","NA","NA","NA","NA"
"2017-02-08 23:00","42774.95833","42774","0.958333333","-0.004","-6.357","64.4","0.1514","0.412","-6.294","64.5","0.1782","NA","NA","NA","NA"
"2017-02-09 0:00","42775","42775","0","-0.004","-7.09","59.4","0.1499","0.412","-6.93","61","0.1775","NA","NA","NA","NA"
"2017-02-09 1:00","42775.04167","42775","0.041666667","-0.004","-7.543","61.6","0.1499","0.412","-7.413","63.6","0.1775","NA","NA","NA","NA"
"2017-02-09 2:00","42775.08333","42775","0.083333333","-0.004","-8.132","64.9","0.1492","0.412","-7.869","66.2","0.1768","NA","NA","NA","NA"
"2017-02-09 3:00","42775.125","42775","0.125","-0.004","-9.168","70.5","0.1477","0.412","-8.864","71","0.1761","NA","NA","NA","NA"
"2017-02-09 4:00","42775.16667","42775","0.166666667","-0.004","-10.336","70.5","0.1463","0.412","-9.885","70","0.1753","NA","NA","NA","NA"
"2017-02-09 5:00","42775.20833","42775","0.208333333","-0.032","-10.969","68.8","0.1448","0.439","-10.757","68","0.1753","NA","NA","NA","NA"
"2017-02-09 6:00","42775.25","42775","0.25","-0.032","-11.397","67.2","0.1426","0.439","-11.254","66.7","0.1746","NA","NA","NA","NA"
"2017-02-09 7:00","42775.29167","42775","0.291666667","-0.032","-11.147","65.3","0.1397","0.439","-11.005","65","0.1739","NA","NA","NA","NA"
"2017-02-09 8:00","42775.33333","42775","0.333333333","-0.004","-11.005","63.8","0.1361","0.439","-11.005","64","0.1732","NA","NA","NA","NA"
"2017-02-09 9:00","42775.375","42775","0.375","-0.004","-10.023","62.1","0.1332","0.439","-10.546","62.6","0.1717","NA","NA","NA","NA"
"2017-02-09 10:00","42775.41667","42775","0.416666667","-0.004","-9.303","59.4","0.1296","0.439","-9.954","61.3","0.171","NA","NA","NA","NA"
"2017-02-09 11:00","42775.45833","42775","0.458333333","-0.004","-6.515","55.7","0.1274","0.439","-6.898","59.2","0.1695","NA","NA","NA","NA"
"2017-02-09 12:00","42775.5","42775","0.5","-0.004","-4.957","54.2","0.1259","0.412","-6.073","58.7","0.1695","NA","NA","NA","NA"
"2017-02-09 13:00","42775.54167","42775","0.541666667","-0.032","-4.439","50","0.1238","0.412","-5.357","54.7","0.1688","NA","NA","NA","NA"
"2017-02-09 14:00","42775.58333","42775","0.583333333","-0.032","-5.11","48.4","0.1216","0.412","-5.202","52.5","0.1688","NA","NA","NA","NA"
"2017-02-09 15:00","42775.625","42775","0.625","-0.032","-4.046","47.3","0.1194","0.412","-4.53","51.2","0.1681","NA","NA","NA","NA"
"2017-02-09 16:00","42775.66667","42775","0.666666667","-0.032","-5.049","44.4","0.1172","0.412","-5.202","48.3","0.1681","NA","NA","NA","NA"
"2017-02-09 17:00","42775.70833","42775","0.708333333","-0.032","-6.515","61.7","0.1143","0.439","-6.483","64.1","0.1673","NA","NA","NA","NA"
"2017-02-09 18:00","42775.75","42775","0.75","-0.032","-6.866","68.8","0.11","0.412","-6.706","68.9","0.1666","NA","NA","NA","NA"
"2017-02-09 19:00","42775.79167","42775","0.791666667","-0.032","-7.058","67.1","0.1056","0.412","-6.962","67.4","0.1659","NA","NA","NA","NA"
"2017-02-09 20:00","42775.83333","42775","0.833333333","-0.032","-7.251","70.7","0.102","0.412","-7.187","70.3","0.1652","NA","NA","NA","NA"
"2017-02-09 21:00","42775.875","42775","0.875","-0.032","-6.994","72.7","0.0991","0.412","-6.834","71.5","0.1644","NA","NA","NA","NA"
"2017-02-09 22:00","42775.91667","42775","0.916666667","-0.06","-7.09","70.4","0.0954","0.412","-6.866","69.2","0.1637","NA","NA","NA","NA"
"2017-02-09 23:00","42775.95833","42775","0.958333333","-0.088","-7.187","71.6","0.094","0.412","-7.026","70.5","0.163","NA","NA","NA","NA"
"2017-02-10 0:00","42776","42776","0","-0.116","-7.348","70.3","0.0925","0.412","-7.155","69.2","0.1623","NA","NA","NA","NA"
"2017-02-10 1:00","42776.04167","42776","0.041666667","-0.143","-7.413","70.7","0.0911","0.412","-7.284","70","0.1615","NA","NA","NA","NA"
"2017-02-10 2:00","42776.08333","42776","0.083333333","-0.171","-6.898","71","0.0896","0.412","-6.962","70","0.1608","NA","NA","NA","NA"
"2017-02-10 3:00","42776.125","42776","0.125","-0.199","-6.77","68.9","0.0889","0.384","-6.834","68.7","0.1601","NA","NA","NA","NA"
"2017-02-10 4:00","42776.16667","42776","0.166666667","-0.227","-6.898","68.8","0.0882","0.384","-6.962","68.8","0.1586","NA","NA","NA","NA"
"2017-02-10 5:00","42776.20833","42776","0.208333333","-0.227","-7.413","70.5","0.086","0.384","-7.413","70.6","0.1579","NA","NA","NA","NA"
"2017-02-10 6:00","42776.25","42776","0.25","-0.255","-7.316","72","0.0845","0.384","-7.381","71.5","0.1572","NA","NA","NA","NA"
"2017-02-10 7:00","42776.29167","42776","0.291666667","-0.283","-7.348","72.3","0.0845","0.384","-7.381","71.9","0.1564","NA","NA","NA","NA"
"2017-02-10 8:00","42776.33333","42776","0.333333333","-0.311","-6.898","72.9","0.0845","0.356","-6.962","72.6","0.1557","NA","NA","NA","NA"
"2017-02-10 9:00","42776.375","42776","0.375","-0.311","-6.105","71.7","0.0845","0.356","-6.136","71.8","0.155","NA","NA","NA","NA"
"2017-02-10 10:00","42776.41667","42776","0.416666667","-0.311","-5.48","69.2","0.0853","0.356","-5.636","69.7","0.1543","NA","NA","NA","NA"
"2017-02-10 11:00","42776.45833","42776","0.458333333","-0.283","-4.865","66","0.0867","0.356","-5.418","67.2","0.1543","NA","NA","NA","NA"
"2017-02-10 12:00","42776.5","42776","0.5","-0.227","-4.743","64.2","0.0874","0.356","-5.172","65.8","0.1543","NA","NA","NA","NA"
"2017-02-10 13:00","42776.54167","42776","0.541666667","-0.199","-4.957","64.3","0.0882","0.356","-5.636","66","0.1535","NA","NA","NA","NA"
"2017-02-10 14:00","42776.58333","42776","0.583333333","-0.199","-5.636","73.1","0.0889","0.356","-6.042","75.4","0.1535","NA","NA","NA","NA"
"2017-02-10 15:00","42776.625","42776","0.625","-0.199","-5.018","82","0.0896","0.356","-5.511","83.8","0.1528","NA","NA","NA","NA"
"2017-02-10 16:00","42776.66667","42776","0.666666667","-0.199","-4.987","87.3","0.0904","0.356","-5.264","86.8","0.1528","NA","NA","NA","NA"
"2017-02-10 17:00","42776.70833","42776","0.708333333","-0.171","-4.682","89.3","0.0911","0.329","-4.957","87.5","0.1528","NA","NA","NA","NA"
"2017-02-10 18:00","42776.75","42776","0.75","-0.171","-4.076","90.1","0.0911","0.356","-4.287","86.7","0.1521","NA","NA","NA","NA"
"2017-02-10 19:00","42776.79167","42776","0.791666667","-0.171","-3.777","88.6","0.0918","0.329","-3.926","85.5","0.1521","NA","NA","NA","NA"
"2017-02-10 20:00","42776.83333","42776","0.833333333","-0.171","-3.36","90.9","0.0918","0.356","-3.627","88.7","0.1521","NA","NA","NA","NA"
"2017-02-10 21:00","42776.875","42776","0.875","-0.171","-3.065","90.7","0.0925","0.329","-3.242","86.5","0.1521","NA","NA","NA","NA"
"2017-02-10 22:00","42776.91667","42776","0.916666667","-0.171","-2.596","87","0.0918","0.329","-2.712","81.5","0.1521","NA","NA","NA","NA"
"2017-02-10 23:00","42776.95833","42776","0.958333333","-0.143","-2.888","81","0.0925","0.329","-2.771","77.7","0.1521","NA","NA","NA","NA"
"2017-02-11 0:00","42777","42777","0","-0.143","-2.771","78.7","0.0925","0.329","-2.888","78","0.1514","NA","NA","NA","NA"
"2017-02-11 1:00","42777.04167","42777","0.041666667","-0.143","-2.479","77.9","0.0933","0.329","-2.45","76.7","0.1514","NA","NA","NA","NA"
"2017-02-11 2:00","42777.08333","42777","0.083333333","-0.143","-3.627","77.8","0.0933","0.329","-3.33","78.8","0.1514","NA","NA","NA","NA"
"2017-02-11 3:00","42777.125","42777","0.125","-0.143","-4.257","81.6","0.0933","0.329","-4.076","82","0.1521","NA","NA","NA","NA"
"2017-02-11 4:00","42777.16667","42777","0.166666667","-0.143","-3.627","85.1","0.0933","0.329","-3.747","84.6","0.1514","NA","NA","NA","NA"
"2017-02-11 5:00","42777.20833","42777","0.208333333","-0.143","-2.976","84.5","0.0933","0.329","-2.918","82.6","0.1514","NA","NA","NA","NA"
"2017-02-11 6:00","42777.25","42777","0.25","-0.143","-4.257","85.9","0.0925","0.329","-3.568","82.6","0.1514","NA","NA","NA","NA"
"2017-02-11 7:00","42777.29167","42777","0.291666667","-0.143","-4.197","87.7","0.0925","0.329","-3.687","84.2","0.1514","NA","NA","NA","NA"
"2017-02-11 8:00","42777.33333","42777","0.333333333","-0.171","-1.9","88.6","0.0925","0.329","-1.929","84.1","0.1514","NA","NA","NA","NA"
"2017-02-11 9:00","42777.375","42777","0.375","-0.171","0.024","86.7","0.0933","0.329","-0.535","82.8","0.1514","NA","NA","NA","NA"
"2017-02-11 10:00","42777.41667","42777","0.416666667","-0.143","1.371","83","0.0954","0.329","0.66","82.2","0.1514","NA","NA","NA","NA"
"2017-02-11 11:00","42777.45833","42777","0.458333333","-0.143","2.45","80.6","0.0983","0.329","1.697","81.2","0.1514","NA","NA","NA","NA"
"2017-02-11 12:00","42777.5","42777","0.5","-0.143","3.168","78.7","0.0983","0.329","1.994","80.6","0.1521","NA","NA","NA","NA"
"2017-02-11 13:00","42777.54167","42777","0.541666667","-0.143","4.298","75.5","0.0991","0.329","3.433","78.3","0.1506","NA","NA","NA","NA"
"2017-02-11 14:00","42777.58333","42777","0.583333333","-0.116","4.584","71.9","0.1012","0.329","3.749","75.1","0.1521","NA","NA","NA","NA"
"2017-02-11 15:00","42777.625","42777","0.625","-0.116","4.272","71.5","0.1042","0.329","3.301","75.1","0.1521","NA","NA","NA","NA"
"2017-02-11 16:00","42777.66667","42777","0.666666667","-0.116","4.063","73.3","0.1063","0.329","2.877","77.3","0.1499","NA","NA","NA","NA"
"2017-02-11 17:00","42777.70833","42777","0.708333333","-0.088","3.063","75.1","0.1071","0.329","2.664","77.8","0.1499","NA","NA","NA","NA"
"2017-02-11 18:00","42777.75","42777","0.75","-0.088","2.316","78.1","0.1085","0.329","2.423","78.7","0.1499","NA","NA","NA","NA"
"2017-02-11 19:00","42777.79167","42777","0.791666667","-0.088","1.697","81.6","0.1092","0.329","1.643","81.6","0.1506","NA","NA","NA","NA"
"2017-02-11 20:00","42777.83333","42777","0.833333333","-0.088","1.317","84.3","0.11","0.329","1.208","83.5","0.1506","NA","NA","NA","NA"
"2017-02-11 21:00","42777.875","42777","0.875","-0.088","1.153","84.6","0.1107","0.329","0.907","84.6","0.1514","NA","NA","NA","NA"
"2017-02-11 22:00","42777.91667","42777","0.916666667","-0.06","1.208","85.6","0.1114","0.329","0.907","85.4","0.1514","NA","NA","NA","NA"
"2017-02-11 23:00","42777.95833","42777","0.958333333","-0.06","1.507","87.1","0.1129","0.329","1.317","86.4","0.1521","NA","NA","NA","NA"
"2017-02-12 0:00","42778","42778","0","-0.06","1.805","87.1","0.1136","0.329","1.805","85.2","0.1521","NA","NA","NA","NA"
"2017-02-12 1:00","42778.04167","42778","0.041666667","-0.06","1.017","91.5","0.1143","0.329","0.88","89.6","0.1528","NA","NA","NA","NA"
"2017-02-12 2:00","42778.08333","42778","0.083333333","-0.06","0.135","93","0.115","0.329","-0.004","90.4","0.1528","NA","NA","NA","NA"
"2017-02-12 3:00","42778.125","42778","0.125","-0.06","-0.789","94.1","0.115","0.329","-0.93","91.3","0.1528","NA","NA","NA","NA"
"2017-02-12 4:00","42778.16667","42778","0.166666667","-0.06","-1.441","95.4","0.115","0.329","-1.527","92.5","0.1535","NA","NA","NA","NA"
"2017-02-12 5:00","42778.20833","42778","0.208333333","-0.06","-1.814","96.2","0.1165","0.329","-1.9","93.2","0.1535","NA","NA","NA","NA"
"2017-02-12 6:00","42778.25","42778","0.25","-0.06","-2.479","96.7","0.118","0.329","-2.45","93.7","0.1535","NA","NA","NA","NA"
"2017-02-12 7:00","42778.29167","42778","0.291666667","-0.06","-2.976","97.1","0.118","0.329","-3.094","93.6","0.1535","NA","NA","NA","NA"
"2017-02-12 8:00","42778.33333","42778","0.333333333","-0.06","-2.537","97.3","0.1187","0.329","-2.712","93.7","0.1543","NA","NA","NA","NA"
"2017-02-12 9:00","42778.375","42778","0.375","-0.06","-3.006","97.4","0.1187","0.356","-3.36","93.6","0.1543","NA","NA","NA","NA"
"2017-02-12 10:00","42778.41667","42778","0.416666667","-0.032","-3.33","97.3","0.1194","0.356","-3.657","93.5","0.1543","NA","NA","NA","NA"
"2017-02-12 11:00","42778.45833","42778","0.458333333","-0.06","-2.8","96.8","0.1194","0.356","-3.777","93","0.1543","NA","NA","NA","NA"
"2017-02-12 12:00","42778.5","42778","0.5","-0.032","-2.712","95.5","0.1209","0.329","-3.242","92.5","0.1543","NA","NA","NA","NA"
"2017-02-12 13:00","42778.54167","42778","0.541666667","-0.032","-1.441","95.4","0.1216","0.356","-2.189","93","0.1543","NA","NA","NA","NA"
"2017-02-12 14:00","42778.58333","42778","0.583333333","-0.032","0.107","95.1","0.1209","0.356","-0.789","93.3","0.1543","NA","NA","NA","NA"
"2017-02-12 15:00","42778.625","42778","0.625","-0.032","1.099","92.1","0.11","0.329","-0.507","92.8","0.1535","NA","NA","NA","NA"
"2017-02-12 16:00","42778.66667","42778","0.666666667","-0.032","-0.06","89.5","0.1143","0.329","-0.479","90.2","0.1535","NA","NA","NA","NA"
"2017-02-12 17:00","42778.70833","42778","0.708333333","-0.032","-0.116","91.3","0.1209","0.356","-0.507","91.3","0.1535","NA","NA","NA","NA"
"2017-02-12 18:00","42778.75","42778","0.75","-0.032","1.453","93.6","0.1172","0.329","1.017","93.4","0.1535","NA","NA","NA","NA"
"2017-02-12 19:00","42778.79167","42778","0.791666667","-0.032","1.453","94.3","0.1187","0.329","1.18","93.2","0.1543","NA","NA","NA","NA"
"2017-02-12 20:00","42778.83333","42778","0.833333333","-0.032","1.071","91.7","0.1172","0.329","0.715","90","0.1543","NA","NA","NA","NA"
"2017-02-12 21:00","42778.875","42778","0.875","-0.032","0.218","83.8","0.1259","0.329","0.301","82.9","0.1535","NA","NA","NA","NA"
"2017-02-12 22:00","42778.91667","42778","0.916666667","-0.032","-0.704","81.4","0.1252","0.356","-0.76","80.6","0.155","NA","NA","NA","NA"
"2017-02-12 23:00","42778.95833","42778","0.958333333","-0.032","-1.556","80.3","0.1238","0.356","-1.47","79.4","0.155","NA","NA","NA","NA"
"2017-02-13 0:00","42779","42779","0","-0.032","-1.67","80.4","0.1245","0.356","-1.641","79","0.1557","NA","NA","NA","NA"
"2017-02-13 1:00","42779.04167","42779","0.041666667","-0.032","-1.814","81","0.1252","0.356","-1.699","79.8","0.1557","NA","NA","NA","NA"
"2017-02-13 2:00","42779.08333","42779","0.083333333","-0.032","-1.1","79.5","0.1252","0.356","-1.356","78.7","0.1557","NA","NA","NA","NA"
"2017-02-13 3:00","42779.125","42779","0.125","-0.032","-1.242","78","0.1252","0.356","-1.27","77.7","0.1557","NA","NA","NA","NA"
"2017-02-13 4:00","42779.16667","42779","0.166666667","-0.032","-1.584","75.7","0.1259","0.356","-1.641","76","0.1557","NA","NA","NA","NA"
"2017-02-13 5:00","42779.20833","42779","0.208333333","-0.032","-2.247","74.5","0.1259","0.356","-2.131","74.7","0.1557","NA","NA","NA","NA"
"2017-02-13 6:00","42779.25","42779","0.25","-0.032","-2.276","75.3","0.1259","0.356","-2.363","74.5","0.1557","NA","NA","NA","NA"
"2017-02-13 7:00","42779.29167","42779","0.291666667","-0.032","-2.947","72.2","0.1259","0.356","-3.035","72.7","0.1557","NA","NA","NA","NA"
"2017-02-13 8:00","42779.33333","42779","0.333333333","-0.032","-3.301","71.6","0.1267","0.356","-3.479","72","0.1557","NA","NA","NA","NA"
"2017-02-13 9:00","42779.375","42779","0.375","-0.032","-3.183","71.5","0.1267","0.356","-3.508","72.7","0.1564","NA","NA","NA","NA"
"2017-02-13 10:00","42779.41667","42779","0.416666667","-0.032","-2.45","69.7","0.1267","0.356","-3.271","71.4","0.1564","NA","NA","NA","NA"
"2017-02-13 11:00","42779.45833","42779","0.458333333","-0.032","-2.218","68.8","0.1274","0.356","-3.183","71.5","0.1564","NA","NA","NA","NA"
"2017-02-13 12:00","42779.5","42779","0.5","-0.032","-2.247","68.2","0.1274","0.356","-3.065","71.5","0.1564","NA","NA","NA","NA"
"2017-02-13 13:00","42779.54167","42779","0.541666667","-0.032","-1.157","67.7","0.1274","0.356","-2.392","71.4","0.1564","NA","NA","NA","NA"
"2017-02-13 14:00","42779.58333","42779","0.583333333","-0.032","-0.76","65.9","0.1274","0.356","-1.641","70.5","0.1564","NA","NA","NA","NA"
"2017-02-13 15:00","42779.625","42779","0.625","-0.032","-0.311","67.7","0.1281","0.356","-1.071","71.6","0.1564","NA","NA","NA","NA"
"2017-02-13 16:00","42779.66667","42779","0.666666667","-0.032","-0.732","67.2","0.1281","0.356","-0.93","70.5","0.1564","NA","NA","NA","NA"
"2017-02-13 17:00","42779.70833","42779","0.708333333","-0.032","-1.1","68.2","0.1281","0.356","-1.185","71.3","0.1564","NA","NA","NA","NA"
"2017-02-13 18:00","42779.75","42779","0.75","-0.032","-2.859","71.4","0.1281","0.356","-1.584","72.2","0.1564","NA","NA","NA","NA"
"2017-02-13 19:00","42779.79167","42779","0.791666667","-0.032","-2.83","76.5","0.1281","0.356","-2.276","76.3","0.1564","NA","NA","NA","NA"
"2017-02-13 20:00","42779.83333","42779","0.833333333","-0.032","-3.896","77.7","0.1281","0.384","-3.212","77.1","0.1564","NA","NA","NA","NA"
"2017-02-13 21:00","42779.875","42779","0.875","-0.032","-5.264","78.8","0.1281","0.384","-4.895","78.9","0.1564","NA","NA","NA","NA"
"2017-02-13 22:00","42779.91667","42779","0.916666667","-0.032","-6.962","82.2","0.1281","0.384","-5.823","81.3","0.1564","NA","NA","NA","NA"
"2017-02-13 23:00","42779.95833","42779","0.958333333","-0.032","-7.413","86.2","0.1281","0.384","-6.294","83.1","0.1564","NA","NA","NA","NA"
"2017-02-14 0:00","42780","42780","0","-0.032","-7.738","88.4","0.1281","0.384","-7.155","84.4","0.1564","NA","NA","NA","NA"
"2017-02-14 1:00","42780.04167","42780","0.041666667","-0.032","-8.697","89.7","0.1281","0.384","-8.264","85.6","0.1564","NA","NA","NA","NA"
"2017-02-14 2:00","42780.08333","42780","0.083333333","-0.032","-8.864","91","0.1281","0.384","-8.764","86.9","0.1564","NA","NA","NA","NA"
"2017-02-14 3:00","42780.125","42780","0.125","-0.032","-9.033","92","0.1281","0.384","-8.831","87.8","0.1564","NA","NA","NA","NA"
"2017-02-14 4:00","42780.16667","42780","0.166666667","-0.032","-7.804","92.8","0.1281","0.412","-8.132","88.5","0.1564","NA","NA","NA","NA"
"2017-02-14 5:00","42780.20833","42780","0.208333333","-0.032","-6.674","93.3","0.1281","0.384","-7.219","88.9","0.1564","NA","NA","NA","NA"
"2017-02-14 6:00","42780.25","42780","0.25","-0.032","-5.76","93.9","0.1281","0.384","-6.199","89.2","0.1572","NA","NA","NA","NA"
"2017-02-14 7:00","42780.29167","42780","0.291666667","-0.032","-3.301","94.6","0.1281","0.412","-3.926","90.4","0.1564","NA","NA","NA","NA"
"2017-02-14 8:00","42780.33333","42780","0.333333333","-0.032","-1.67","95.2","0.1274","0.384","-2.218","90.7","0.1564","NA","NA","NA","NA"
"2017-02-14 9:00","42780.375","42780","0.375","-0.032","0.329","94.8","0.1267","0.384","-0.255","88","0.1572","NA","NA","NA","NA"
"2017-02-14 10:00","42780.41667","42780","0.416666667","-0.032","2.877","87.4","0.1259","0.384","1.643","84","0.1564","NA","NA","NA","NA"
"2017-02-14 11:00","42780.45833","42780","0.458333333","-0.032","4.61","76.9","0.1267","0.384","3.801","77.9","0.1564","NA","NA","NA","NA"
"2017-02-14 12:00","42780.5","42780","0.5","-0.032","5.719","69.3","0.1267","0.384","4.063","73.1","0.1564","NA","NA","NA","NA"
"2017-02-14 13:00","42780.54167","42780","0.541666667","-0.032","5.693","65.1","0.1267","0.384","4.921","71.4","0.1564","NA","NA","NA","NA"
"2017-02-14 14:00","42780.58333","42780","0.583333333","-0.032","5.975","64.2","0.1259","0.384","4.48","70.5","0.1564","NA","NA","NA","NA"
"2017-02-14 15:00","42780.625","42780","0.625","-0.032","4.584","65.8","0.1267","0.384","3.932","71.4","0.1564","NA","NA","NA","NA"
"2017-02-14 16:00","42780.66667","42780","0.666666667","-0.032","4.766","69.3","0.1267","0.384","4.063","73.5","0.1579","NA","NA","NA","NA"
"2017-02-14 17:00","42780.70833","42780","0.708333333","-0.032","4.037","71.2","0.1274","0.384","3.67","74.9","0.1594","NA","NA","NA","NA"
"2017-02-14 18:00","42780.75","42780","0.75","-0.032","2.797","74.6","0.1274","0.384","2.983","77.8","0.1615","NA","NA","NA","NA"
"2017-02-14 19:00","42780.79167","42780","0.791666667","-0.032","2.664","79.3","0.1274","0.384","2.396","81.9","0.163","NA","NA","NA","NA"
"2017-02-14 20:00","42780.83333","42780","0.833333333","-0.032","2.61","81.9","0.1274","0.384","2.209","83.7","0.1644","NA","NA","NA","NA"
"2017-02-14 21:00","42780.875","42780","0.875","-0.032","2.53","83","0.1281","0.384","2.236","84.3","0.1652","NA","NA","NA","NA"
"2017-02-14 22:00","42780.91667","42780","0.916666667","-0.032","1.967","87.2","0.1252","0.384","1.724","88.8","0.1644","NA","NA","NA","NA"
"2017-02-14 23:00","42780.95833","42780","0.958333333","-0.032","1.615","91.2","0.1223","0.384","1.398","91.2","0.1659","NA","NA","NA","NA"
"2017-02-15 0:00","42781","42781","0","-0.032","1.561","92","0.1238","0.412","1.371","90.9","0.1673","NA","NA","NA","NA"
"2017-02-15 1:00","42781.04167","42781","0.041666667","-0.032","1.751","92.2","0.1303","0.384","1.751","90.2","0.1681","NA","NA","NA","NA"
"2017-02-15 2:00","42781.08333","42781","0.083333333","-0.032","0.577","90.5","0.1318","0.384","1.044","85.8","0.1688","NA","NA","NA","NA"
"2017-02-15 3:00","42781.125","42781","0.125","-0.032","-0.171","90.6","0.1325","0.412","0.605","86.5","0.1695","NA","NA","NA","NA"
"2017-02-15 4:00","42781.16667","42781","0.166666667","-0.032","-1.043","91.6","0.1325","0.412","-0.227","87.6","0.1695","NA","NA","NA","NA"
"2017-02-15 5:00","42781.20833","42781","0.208333333","-0.032","-0.902","92","0.1325","0.412","-0.451","85.6","0.1695","NA","NA","NA","NA"
"2017-02-15 6:00","42781.25","42781","0.25","-0.032","-0.563","90","0.1325","0.412","-0.507","84.6","0.1695","NA","NA","NA","NA"
"2017-02-15 7:00","42781.29167","42781","0.291666667","-0.032","-0.451","88.5","0.1318","0.412","-0.395","84.4","0.1695","NA","NA","NA","NA"
"2017-02-15 8:00","42781.33333","42781","0.333333333","-0.032","-0.032","87.3","0.131","0.412","-0.143","83","0.1695","NA","NA","NA","NA"
"2017-02-15 9:00","42781.375","42781","0.375","-0.032","-0.116","82.3","0.1318","0.412","-0.676","80.1","0.1695","NA","NA","NA","NA"
"2017-02-15 10:00","42781.41667","42781","0.416666667","-0.032","1.805","78.4","0.1318","0.412","0.632","79.1","0.1695","NA","NA","NA","NA"
"2017-02-15 11:00","42781.45833","42781","0.458333333","-0.032","2.262","75.9","0.1318","0.412","1.398","78.3","0.1695","NA","NA","NA","NA"
"2017-02-15 12:00","42781.5","42781","0.5","-0.032","1.778","75.6","0.1318","0.412","1.044","77.9","0.1695","NA","NA","NA","NA"
"2017-02-15 13:00","42781.54167","42781","0.541666667","-0.032","0.687","72.4","0.1325","0.412","0.163","76.4","0.1688","NA","NA","NA","NA"
"2017-02-15 14:00","42781.58333","42781","0.583333333","-0.032","1.235","72.9","0.1325","0.412","0.495","76.5","0.1688","NA","NA","NA","NA"
"2017-02-15 15:00","42781.625","42781","0.625","-0.032","-0.62","71.5","0.1325","0.412","-1.015","74.5","0.1688","NA","NA","NA","NA"
"2017-02-15 16:00","42781.66667","42781","0.666666667","-0.032","-1.413","70.9","0.1325","0.412","-1.756","73.2","0.1695","NA","NA","NA","NA"
"2017-02-15 17:00","42781.70833","42781","0.708333333","-0.032","-2.859","71","0.1325","0.412","-3.006","73","0.1688","NA","NA","NA","NA"
"2017-02-15 18:00","42781.75","42781","0.75","-0.032","-3.508","72.2","0.1325","0.412","-3.568","73.2","0.1688","NA","NA","NA","NA"
"2017-02-15 19:00","42781.79167","42781","0.791666667","-0.032","-3.747","72.5","0.1325","0.412","-3.807","72.5","0.1688","NA","NA","NA","NA"
"2017-02-15 20:00","42781.83333","42781","0.833333333","-0.032","-4.621","72.5","0.1325","0.412","-4.651","73.1","0.1688","NA","NA","NA","NA"
"2017-02-15 21:00","42781.875","42781","0.875","-0.032","-4.469","73.2","0.1325","0.412","-4.499","73.2","0.1688","NA","NA","NA","NA"
"2017-02-15 22:00","42781.91667","42781","0.916666667","-0.032","-4.439","72.5","0.1325","0.412","-4.499","72.2","0.1688","NA","NA","NA","NA"
"2017-02-15 23:00","42781.95833","42781","0.958333333","-0.032","-4.56","72.2","0.1325","0.412","-4.621","72.2","0.1688","NA","NA","NA","NA"
"2017-02-16 0:00","42782","42782","0","-0.032","-5.326","71.7","0.1325","0.412","-5.295","72.1","0.1681","NA","NA","NA","NA"
"2017-02-16 1:00","42782.04167","42782","0.041666667","-0.032","-6.42","73.8","0.1325","0.412","-6.136","73.9","0.1681","NA","NA","NA","NA"
"2017-02-16 2:00","42782.08333","42782","0.083333333","-0.032","-6.77","76.7","0.1325","0.412","-6.738","75.8","0.1681","NA","NA","NA","NA"
"2017-02-16 3:00","42782.125","42782","0.125","-0.032","-6.866","78.1","0.1325","0.412","-6.962","76.9","0.1681","NA","NA","NA","NA"
"2017-02-16 4:00","42782.16667","42782","0.166666667","-0.032","-7.122","79.5","0.1318","0.439","-7.09","78.3","0.1673","NA","NA","NA","NA"
"2017-02-16 5:00","42782.20833","42782","0.208333333","-0.032","-7.478","78.6","0.1303","0.439","-7.413","76.5","0.1673","NA","NA","NA","NA"
"2017-02-16 6:00","42782.25","42782","0.25","-0.032","-7.869","76.7","0.1296","0.439","-7.804","75","0.1673","NA","NA","NA","NA"
"2017-02-16 7:00","42782.29167","42782","0.291666667","-0.032","-8.397","76.4","0.1274","0.439","-8.198","74.9","0.1673","NA","NA","NA","NA"
"2017-02-16 8:00","42782.33333","42782","0.333333333","-0.032","-8.198","77.4","0.1252","0.439","-8.397","75.5","0.1666","NA","NA","NA","NA"
"2017-02-16 9:00","42782.375","42782","0.375","-0.032","-6.738","72.6","0.1223","0.439","-7.706","72.9","0.1666","NA","NA","NA","NA"
"2017-02-16 10:00","42782.41667","42782","0.416666667","-0.032","-5.48","66.3","0.118","0.412","-6.674","69.9","0.1666","NA","NA","NA","NA"
"2017-02-16 11:00","42782.45833","42782","0.458333333","-0.032","-4.348","61.7","0.1143","0.412","-4.834","67","0.1666","NA","NA","NA","NA"
"2017-02-16 12:00","42782.5","42782","0.5","-0.032","-1.929","57.8","0.1121","0.412","-3.568","63.6","0.1659","NA","NA","NA","NA"
"2017-02-16 13:00","42782.54167","42782","0.541666667","-0.032","-2.189","55.5","0.1107","0.412","-3.479","62.3","0.1659","NA","NA","NA","NA"
"2017-02-16 14:00","42782.58333","42782","0.583333333","-0.032","-2.16","55.8","0.1085","0.412","-3.33","62.1","0.1652","NA","NA","NA","NA"
"2017-02-16 15:00","42782.625","42782","0.625","-0.032","-2.683","54.9","0.1085","0.412","-3.271","62.2","0.1652","NA","NA","NA","NA"
"2017-02-16 16:00","42782.66667","42782","0.666666667","-0.032","-3.419","58.9","0.1071","0.412","-3.747","63.2","0.1652","NA","NA","NA","NA"
"2017-02-16 17:00","42782.70833","42782","0.708333333","-0.032","-4.227","61.3","0.1056","0.412","-4.287","64.7","0.1652","NA","NA","NA","NA"
"2017-02-16 18:00","42782.75","42782","0.75","-0.032","-5.605","64.7","0.1042","0.412","-5.511","66.9","0.1644","NA","NA","NA","NA"
"2017-02-16 19:00","42782.79167","42782","0.791666667","-0.06","-6.515","69.5","0.1027","0.412","-6.168","70.7","0.1644","NA","NA","NA","NA"
"2017-02-16 20:00","42782.83333","42782","0.833333333","-0.06","-7.348","73.1","0.1012","0.412","-6.738","73","0.1644","NA","NA","NA","NA"
"2017-02-16 21:00","42782.875","42782","0.875","-0.06","-8.597","76","0.0991","0.412","-7.413","74.8","0.1637","NA","NA","NA","NA"
"2017-02-16 22:00","42782.91667","42782","0.916666667","-0.06","-9.066","79","0.0983","0.412","-8.331","77.4","0.1637","NA","NA","NA","NA"
"2017-02-16 23:00","42782.95833","42782","0.958333333","-0.088","-9.066","81.9","0.0962","0.412","-8.63","79.8","0.1637","NA","NA","NA","NA"
"2017-02-17 0:00","42783","42783","0","-0.088","-8.198","84.1","0.0954","0.412","-8","81.7","0.163","NA","NA","NA","NA"
"2017-02-17 1:00","42783.04167","42783","0.041666667","-0.116","-8.231","84.4","0.094","0.412","-7.804","81.8","0.1623","NA","NA","NA","NA"
"2017-02-17 2:00","42783.08333","42783","0.083333333","-0.116","-7.51","84.8","0.0947","0.412","-7.251","82.3","0.1623","NA","NA","NA","NA"
"2017-02-17 3:00","42783.125","42783","0.125","-0.116","-6.866","84.9","0.094","0.412","-6.77","82.1","0.1615","NA","NA","NA","NA"
"2017-02-17 4:00","42783.16667","42783","0.166666667","-0.143","-6.994","84.3","0.0947","0.412","-6.674","80.9","0.1608","NA","NA","NA","NA"
"2017-02-17 5:00","42783.20833","42783","0.208333333","-0.143","-7.187","83.8","0.094","0.412","-6.962","81.2","0.1608","NA","NA","NA","NA"
"2017-02-17 6:00","42783.25","42783","0.25","-0.143","-6.994","84.6","0.094","0.412","-6.834","82","0.1601","NA","NA","NA","NA"
"2017-02-17 7:00","42783.29167","42783","0.291666667","-0.171","-7.836","85.1","0.094","0.412","-7.219","81.9","0.1601","NA","NA","NA","NA"
"2017-02-17 8:00","42783.33333","42783","0.333333333","-0.171","-6.93","86.2","0.094","0.412","-7.608","82.9","0.1594","NA","NA","NA","NA"
"2017-02-17 9:00","42783.375","42783","0.375","-0.171","-3.717","83.4","0.0933","0.412","-4.59","82.6","0.1586","NA","NA","NA","NA"
"2017-02-17 10:00","42783.41667","42783","0.416666667","-0.171","-0.479","70.8","0.094","0.384","-2.16","74.3","0.1586","NA","NA","NA","NA"
"2017-02-17 11:00","42783.45833","42783","0.458333333","-0.171","0.715","62.3","0.0947","0.384","0.024","68.6","0.1579","NA","NA","NA","NA"
"2017-02-17 12:00","42783.5","42783","0.5","-0.171","0.632","59.7","0.0954","0.384","-0.227","66.2","0.1579","NA","NA","NA","NA"
"2017-02-17 13:00","42783.54167","42783","0.541666667","-0.143","0.77","60.7","0.0962","0.384","0.024","67.8","0.1572","NA","NA","NA","NA"
"2017-02-17 14:00","42783.58333","42783","0.583333333","-0.143","-0.032","65.3","0.0969","0.384","-0.591","70.2","0.1572","NA","NA","NA","NA"
"2017-02-17 15:00","42783.625","42783","0.625","-0.116","0.439","68.6","0.0976","0.384","-0.395","73.2","0.1572","NA","NA","NA","NA"
"2017-02-17 16:00","42783.66667","42783","0.666666667","-0.116","-0.311","71.7","0.0983","0.384","-0.732","75.2","0.1572","NA","NA","NA","NA"
"2017-02-17 17:00","42783.70833","42783","0.708333333","-0.116","-0.902","75.8","0.0991","0.384","-1.1","77.5","0.1572","NA","NA","NA","NA"
"2017-02-17 18:00","42783.75","42783","0.75","-0.116","-1.128","78.7","0.0991","0.384","-1.242","79.7","0.1572","NA","NA","NA","NA"
"2017-02-17 19:00","42783.79167","42783","0.791666667","-0.088","-0.704","80.4","0.0998","0.384","-1.015","80.7","0.1572","NA","NA","NA","NA"
"2017-02-17 20:00","42783.83333","42783","0.833333333","-0.088","-0.479","82.5","0.1005","0.384","-0.591","82.3","0.1572","NA","NA","NA","NA"
"2017-02-17 21:00","42783.875","42783","0.875","-0.088","-0.704","84.8","0.1012","0.384","-0.62","84.3","0.1572","NA","NA","NA","NA"
"2017-02-17 22:00","42783.91667","42783","0.916666667","-0.088","0.246","86.3","0.102","0.384","-0.395","85.4","0.1572","NA","NA","NA","NA"
"2017-02-17 23:00","42783.95833","42783","0.958333333","-0.088","-1.185","85.9","0.102","0.384","-0.845","85.8","0.1572","NA","NA","NA","NA"
"2017-02-18 0:00","42784","42784","0","-0.088","-2.044","87.3","0.1027","0.384","-1.727","86.3","0.1572","NA","NA","NA","NA"
"2017-02-18 1:00","42784.04167","42784","0.041666667","-0.088","-2.596","89.3","0.1027","0.384","-2.45","87.7","0.1572","NA","NA","NA","NA"
"2017-02-18 2:00","42784.08333","42784","0.083333333","-0.088","-2.976","91.1","0.1027","0.412","-2.83","88.8","0.1572","NA","NA","NA","NA"
"2017-02-18 3:00","42784.125","42784","0.125","-0.088","-3.006","92.1","0.1027","0.412","-2.8","89.6","0.1572","NA","NA","NA","NA"
"2017-02-18 4:00","42784.16667","42784","0.166666667","-0.088","-3.419","92.8","0.102","0.412","-2.918","89.9","0.1572","NA","NA","NA","NA"
"2017-02-18 5:00","42784.20833","42784","0.208333333","-0.088","-3.657","93.5","0.102","0.412","-3.36","89.8","0.1572","NA","NA","NA","NA"
"2017-02-18 6:00","42784.25","42784","0.25","-0.116","-4.408","94","0.1012","0.412","-3.926","90","0.1572","NA","NA","NA","NA"
"2017-02-18 7:00","42784.29167","42784","0.291666667","-0.116","-4.318","94.5","0.1005","0.412","-4.016","90.5","0.1572","NA","NA","NA","NA"
"2017-02-18 8:00","42784.33333","42784","0.333333333","-0.116","-1.356","95","0.0998","0.412","-2.712","90.8","0.1579","NA","NA","NA","NA"
"2017-02-18 9:00","42784.375","42784","0.375","-0.116","5.642","93.9","0.0998","0.412","4.506","90","0.1579","NA","NA","NA","NA"
"2017-02-18 10:00","42784.41667","42784","0.416666667","-0.143","8.543","78.7","0.1012","0.384","7.619","79.9","0.1572","NA","NA","NA","NA"
"2017-02-18 11:00","42784.45833","42784","0.458333333","-0.116","10.712","68","0.1042","0.384","9.534","72.6","0.1579","NA","NA","NA","NA"
"2017-02-18 12:00","42784.5","42784","0.5","-0.116","13.281","59","0.1056","0.384","11.419","66.3","0.163","NA","NA","NA","NA"
"2017-02-18 13:00","42784.54167","42784","0.541666667","-0.088","13.04","53.7","0.1063","0.384","12.171","62.4","0.1761","NA","NA","NA","NA"
"2017-02-18 14:00","42784.58333","42784","0.583333333","-0.088","13.161","54.1","0.1078","0.384","12.389","62.1","0.184","NA","NA","NA","NA"
"2017-02-18 15:00","42784.625","42784","0.625","-0.088","12.751","54.8","0.1092","0.384","11.759","62.6","0.1884","NA","NA","NA","NA"
"2017-02-18 16:00","42784.66667","42784","0.666666667","-0.088","12.823","55.9","0.11","0.384","12.437","62.5","0.1899","NA","NA","NA","NA"
"2017-02-18 17:00","42784.70833","42784","0.708333333","-0.088","12.413","57","0.1114","0.384","12.098","63.4","0.1906","NA","NA","NA","NA"
"2017-02-18 18:00","42784.75","42784","0.75","-0.088","10.467","62.5","0.1114","0.356","10.761","67.5","0.1906","NA","NA","NA","NA"
"2017-02-18 19:00","42784.79167","42784","0.791666667","-0.06","9.015","70.9","0.1121","0.356","9.583","73.3","0.1906","NA","NA","NA","NA"
"2017-02-18 20:00","42784.83333","42784","0.833333333","-0.06","8.543","76.1","0.1136","0.356","9.064","77.2","0.1906","NA","NA","NA","NA"
"2017-02-18 21:00","42784.875","42784","0.875","-0.06","8.319","77.8","0.1136","0.356","8.965","77.7","0.1906","NA","NA","NA","NA"
"2017-02-18 22:00","42784.91667","42784","0.916666667","-0.06","6.306","77.1","0.1143","0.356","7.645","76.9","0.1899","NA","NA","NA","NA"
"2017-02-18 23:00","42784.95833","42784","0.958333333","-0.06","6","81.8","0.115","0.356","7.318","79.8","0.1899","NA","NA","NA","NA"
"2017-02-19 0:00","42785","42785","0","-0.06","4.584","83.3","0.1158","0.356","4.662","80.7","0.1891","NA","NA","NA","NA"
"2017-02-19 1:00","42785.04167","42785","0.041666667","-0.06","4.428","86.8","0.1165","0.356","5.898","84.3","0.1884","NA","NA","NA","NA"
"2017-02-19 2:00","42785.08333","42785","0.083333333","-0.06","3.696","88.3","0.1165","0.356","4.35","84.3","0.1877","NA","NA","NA","NA"
"2017-02-19 3:00","42785.125","42785","0.125","-0.06","3.089","89.8","0.1172","0.356","4.35","86.4","0.1877","NA","NA","NA","NA"
"2017-02-19 4:00","42785.16667","42785","0.166666667","-0.032","2.503","90.4","0.118","0.384","2.77","85.8","0.187","NA","NA","NA","NA"
"2017-02-19 5:00","42785.20833","42785","0.208333333","-0.06","3.591","90.7","0.118","0.356","3.985","87","0.1862","NA","NA","NA","NA"
"2017-02-19 6:00","42785.25","42785","0.25","-0.032","4.272","86.9","0.1187","0.384","4.532","82.7","0.1862","NA","NA","NA","NA"
"2017-02-19 7:00","42785.29167","42785","0.291666667","-0.032","3.749","85.1","0.1187","0.384","4.454","82.8","0.1855","NA","NA","NA","NA"
"2017-02-19 8:00","42785.33333","42785","0.333333333","-0.032","5.334","85","0.1194","0.384","4.74","82.5","0.1855","NA","NA","NA","NA"
"2017-02-19 9:00","42785.375","42785","0.375","-0.032","7.318","81.2","0.1201","0.384","6.102","80.5","0.1855","NA","NA","NA","NA"
"2017-02-19 10:00","42785.41667","42785","0.416666667","-0.032","9.46","71.2","0.1209","0.384","8.444","75.2","0.1855","NA","NA","NA","NA"
"2017-02-19 11:00","42785.45833","42785","0.458333333","-0.032","10.394","62.6","0.1223","0.384","10.001","68.5","0.187","NA","NA","NA","NA"
"2017-02-19 12:00","42785.5","42785","0.5","-0.032","11.637","58.1","0.1238","0.384","10.883","64.9","0.1884","NA","NA","NA","NA"
"2017-02-19 13:00","42785.54167","42785","0.541666667","-0.032","12.001","54.5","0.1238","0.384","11.273","61.3","0.1899","NA","NA","NA","NA"
"2017-02-19 14:00","42785.58333","42785","0.583333333","-0.032","12.147","52.1","0.1252","0.384","11.419","59.1","0.1906","NA","NA","NA","NA"
"2017-02-19 15:00","42785.625","42785","0.625","-0.032","11.613","50.8","0.1259","0.412","10.956","58.6","0.1913","NA","NA","NA","NA"
"2017-02-19 16:00","42785.66667","42785","0.666666667","-0.032","10.59","52.3","0.1267","0.412","10.296","58.7","0.1913","NA","NA","NA","NA"
"2017-02-19 17:00","42785.70833","42785","0.708333333","-0.032","8.916","55.9","0.1267","0.412","8.866","61.3","0.1913","NA","NA","NA","NA"
"2017-02-19 18:00","42785.75","42785","0.75","-0.032","6.56","62.2","0.1267","0.412","7.167","65.1","0.1913","NA","NA","NA","NA"
"2017-02-19 19:00","42785.79167","42785","0.791666667","-0.032","4.766","66.7","0.1267","0.412","6.153","67.5","0.1906","NA","NA","NA","NA"
"2017-02-19 20:00","42785.83333","42785","0.833333333","-0.032","2.85","71.2","0.1267","0.439","3.906","70","0.1899","NA","NA","NA","NA"
"2017-02-19 21:00","42785.875","42785","0.875","-0.032","1.994","75.6","0.1267","0.439","1.886","76.4","0.1891","NA","NA","NA","NA"
"2017-02-19 22:00","42785.91667","42785","0.916666667","-0.032","1.67","78.7","0.1274","0.439","2.85","78.9","0.1884","NA","NA","NA","NA"
"2017-02-19 23:00","42785.95833","42785","0.958333333","-0.032","0.989","81.1","0.1274","0.439","2.074","79","0.1877","NA","NA","NA","NA"
"2017-02-20 0:00","42786","42786","0","-0.032","0.246","83.9","0.1267","0.439","1.099","81.6","0.187","NA","NA","NA","NA"
"2017-02-20 1:00","42786.04167","42786","0.041666667","-0.032","0.246","86.5","0.1267","0.439","0.989","83.8","0.1862","NA","NA","NA","NA"
"2017-02-20 2:00","42786.08333","42786","0.083333333","-0.032","-0.088","87.3","0.1267","0.439","0.467","84.7","0.1862","NA","NA","NA","NA"
"2017-02-20 3:00","42786.125","42786","0.125","-0.032","-0.311","88.6","0.1267","0.439","-0.507","86","0.1855","NA","NA","NA","NA"
"2017-02-20 4:00","42786.16667","42786","0.166666667","-0.032","-0.732","89.6","0.1267","0.439","-0.032","87.3","0.1848","NA","NA","NA","NA"
"2017-02-20 5:00","42786.20833","42786","0.208333333","-0.032","0.329","89.9","0.1267","0.439","0.632","86.5","0.1848","NA","NA","NA","NA"
"2017-02-20 6:00","42786.25","42786","0.25","-0.032","-0.423","88.3","0.1267","0.439","-0.704","84.8","0.184","NA","NA","NA","NA"
"2017-02-20 7:00","42786.29167","42786","0.291666667","-0.032","-1.27","88.4","0.1259","0.439","-0.395","86.3","0.1833","NA","NA","NA","NA"
"2017-02-20 8:00","42786.33333","42786","0.333333333","-0.032","0.356","89.9","0.1259","0.439","-0.93","86.9","0.1833","NA","NA","NA","NA"
"2017-02-20 9:00","42786.375","42786","0.375","-0.032","2.85","82.2","0.1259","0.439","1.398","83.3","0.1833","NA","NA","NA","NA"
"2017-02-20 10:00","42786.41667","42786","0.416666667","-0.032","4.011","70","0.1259","0.439","2.877","73.4","0.1826","NA","NA","NA","NA"
"2017-02-20 11:00","42786.45833","42786","0.458333333","-0.032","4.688","63.6","0.1274","0.467","4.376","67.8","0.1833","NA","NA","NA","NA"
"2017-02-20 12:00","42786.5","42786","0.5","-0.032","5.719","61","0.1281","0.467","4.61","64.3","0.1848","NA","NA","NA","NA"
"2017-02-20 13:00","42786.54167","42786","0.541666667","-0.032","4.921","64.2","0.1288","0.55","3.749","67.1","0.1862","NA","NA","NA","NA"
"2017-02-20 14:00","42786.58333","42786","0.583333333","-0.032","4.714","65.1","0.1288","0.632","4.115","67.8","0.1862","NA","NA","NA","NA"
"2017-02-20 15:00","42786.625","42786","0.625","-0.032","3.459","66","0.1288","0.687","3.564","69.5","0.1862","NA","NA","NA","NA"
"2017-02-20 16:00","42786.66667","42786","0.666666667","-0.032","1.913","71.7","0.1288","0.742","1.994","72.7","0.1855","NA","NA","NA","NA"
"2017-02-20 17:00","42786.70833","42786","0.708333333","-0.032","1.561","73.7","0.1288","0.77","1.534","74.8","0.1848","NA","NA","NA","NA"
"2017-02-20 18:00","42786.75","42786","0.75","-0.032","0.412","77.4","0.1288","0.77","0.66","77.7","0.1848","NA","NA","NA","NA"
"2017-02-20 19:00","42786.79167","42786","0.791666667","-0.032","0.024","79","0.1288","0.742","0.412","77.8","0.184","NA","NA","NA","NA"
"2017-02-20 20:00","42786.83333","42786","0.833333333","-0.032","-0.227","80","0.1288","0.742","0.439","78.5","0.1833","NA","NA","NA","NA"
"2017-02-20 21:00","42786.875","42786","0.875","-0.032","0.329","76.8","0.1288","0.742","0.384","75.7","0.1826","NA","NA","NA","NA"
"2017-02-20 22:00","42786.91667","42786","0.916666667","-0.032","0.934","71.9","0.1288","0.742","0.934","72.6","0.1826","NA","NA","NA","NA"
"2017-02-20 23:00","42786.95833","42786","0.958333333","-0.032","1.208","65.7","0.1288","0.742","1.153","67.8","0.1819","NA","NA","NA","NA"
"2017-02-21 0:00","42787","42787","0","-0.032","1.044","61.4","0.1281","0.742","0.907","63.7","0.1819","NA","NA","NA","NA"
"2017-02-21 1:00","42787.04167","42787","0.041666667","-0.032","1.017","61.9","0.1281","0.715","0.934","63.6","0.1811","NA","NA","NA","NA"
"2017-02-21 2:00","42787.08333","42787","0.083333333","-0.032","0.934","65.1","0.1274","0.715","0.797","66.8","0.1811","NA","NA","NA","NA"
"2017-02-21 3:00","42787.125","42787","0.125","-0.032","1.153","66.4","0.1274","0.742","1.153","67.5","0.1804","NA","NA","NA","NA"
"2017-02-21 4:00","42787.16667","42787","0.166666667","-0.032","1.071","69.5","0.1274","0.742","0.989","70","0.1797","NA","NA","NA","NA"
"2017-02-21 5:00","42787.20833","42787","0.208333333","-0.032","1.262","73.7","0.1267","0.742","1.262","74","0.1797","NA","NA","NA","NA"
"2017-02-21 6:00","42787.25","42787","0.25","-0.032","0.989","76.2","0.1267","0.742","1.18","76.1","0.1797","NA","NA","NA","NA"
"2017-02-21 7:00","42787.29167","42787","0.291666667","-0.032","0.605","78.3","0.1267","0.742","0.687","78.2","0.179","NA","NA","NA","NA"
"2017-02-21 8:00","42787.33333","42787","0.333333333","-0.032","1.507","81.2","0.1267","0.742","1.017","80.8","0.179","NA","NA","NA","NA"
"2017-02-21 9:00","42787.375","42787","0.375","-0.032","3.036","80","0.1274","0.742","2.45","80.5","0.179","NA","NA","NA","NA"
"2017-02-21 10:00","42787.41667","42787","0.416666667","-0.032","3.749","80.2","0.1281","0.77","3.38","80.8","0.179","NA","NA","NA","NA"
"2017-02-21 11:00","42787.45833","42787","0.458333333","-0.032","3.906","80.2","0.1288","0.825","3.696","81","0.179","NA","NA","NA","NA"
"2017-02-21 12:00","42787.5","42787","0.5","-0.032","4.636","80.8","0.1303","0.907","4.011","81.3","0.179","NA","NA","NA","NA"
"2017-02-21 13:00","42787.54167","42787","0.541666667","-0.032","5.462","76.7","0.131","0.989","5.282","78.5","0.179","NA","NA","NA","NA"
"2017-02-21 14:00","42787.58333","42787","0.583333333","-0.032","5.693","74.8","0.1318","1.071","5.231","76.7","0.179","NA","NA","NA","NA"
"2017-02-21 15:00","42787.625","42787","0.625","-0.032","3.775","80.3","0.1288","1.18","3.591","83.2","0.1775","NA","NA","NA","NA"
"2017-02-21 16:00","42787.66667","42787","0.666666667","-0.032","3.221","90.1","0.1288","1.262","2.877","91.3","0.1782","NA","NA","NA","NA"
"2017-02-21 17:00","42787.70833","42787","0.708333333","-0.032","3.274","92.1","0.1288","1.289","2.983","92.5","0.1782","NA","NA","NA","NA"
"2017-02-21 18:00","42787.75","42787","0.75","-0.032","3.354","93.4","0.1288","1.317","3.116","93.8","0.1782","NA","NA","NA","NA"
"2017-02-21 19:00","42787.79167","42787","0.791666667","-0.032","2.69","94.5","0.1296","1.344","2.664","94.4","0.1775","NA","NA","NA","NA"
"2017-02-21 20:00","42787.83333","42787","0.833333333","-0.032","2.584","95.3","0.1303","1.344","2.423","94.8","0.1775","NA","NA","NA","NA"
"2017-02-21 21:00","42787.875","42787","0.875","-0.032","2.69","95.9","0.1296","1.371","2.584","95.5","0.1775","NA","NA","NA","NA"
"2017-02-21 22:00","42787.91667","42787","0.916666667","-0.032","2.664","96.4","0.1303","1.398","2.503","95.7","0.1768","NA","NA","NA","NA"
"2017-02-21 23:00","42787.95833","42787","0.958333333","-0.032","2.77","96.8","0.131","1.398","2.664","96.1","0.1768","NA","NA","NA","NA"
"2017-02-22 0:00","42788","42788","0","-0.032","3.248","97.1","0.131","1.398","3.036","96.3","0.1761","NA","NA","NA","NA"
"2017-02-22 1:00","42788.04167","42788","0.041666667","-0.032","2.956","97.4","0.1318","1.425","2.717","96.4","0.1761","NA","NA","NA","NA"
"2017-02-22 2:00","42788.08333","42788","0.083333333","-0.032","3.063","97.6","0.1332","1.453","2.85","96.5","0.1761","NA","NA","NA","NA"
"2017-02-22 3:00","42788.125","42788","0.125","-0.032","2.877","97.8","0.1332","1.48","2.664","96.5","0.1761","NA","NA","NA","NA"
"2017-02-22 4:00","42788.16667","42788","0.166666667","-0.032","3.168","98","0.1339","1.507","2.797","96.7","0.1753","NA","NA","NA","NA"
"2017-02-22 5:00","42788.20833","42788","0.208333333","-0.032","2.93","98.2","0.1339","1.534","2.664","96.7","0.1753","NA","NA","NA","NA"
"2017-02-22 6:00","42788.25","42788","0.25","-0.032","2.983","98.3","0.1332","1.561","3.009","96.9","0.1753","NA","NA","NA","NA"
"2017-02-22 7:00","42788.29167","42788","0.291666667","-0.032","3.354","98.5","0.1332","1.588","3.168","97.2","0.1746","NA","NA","NA","NA"
"2017-02-22 8:00","42788.33333","42788","0.333333333","-0.032","4.089","98.6","0.1339","1.643","3.512","97.3","0.1746","NA","NA","NA","NA"
"2017-02-22 9:00","42788.375","42788","0.375","-0.032","4.246","98.8","0.1354","1.67","3.932","97.4","0.1746","NA","NA","NA","NA"
"2017-02-22 10:00","42788.41667","42788","0.416666667","-0.032","4.688","98.9","0.1376","1.724","4.246","97.6","0.1739","NA","NA","NA","NA"
"2017-02-22 11:00","42788.45833","42788","0.458333333","-0.032","4.973","99.1","0.1405","1.778","4.714","97.8","0.1739","NA","NA","NA","NA"
"2017-02-22 12:00","42788.5","42788","0.5","-0.032","5.616","99.2","0.1448","1.859","5.257","97.9","0.1739","NA","NA","NA","NA"
"2017-02-22 13:00","42788.54167","42788","0.541666667","-0.032","6.153","99.3","0.1477","1.967","5.642","98.1","0.1739","NA","NA","NA","NA"
"2017-02-22 14:00","42788.58333","42788","0.583333333","-0.032","7.142","99.3","0.1528","2.074","6.102","98.2","0.1739","NA","NA","NA","NA"
"2017-02-22 15:00","42788.625","42788","0.625","-0.032","5.847","99.2","0.1543","2.182","5.462","98","0.1732","NA","NA","NA","NA"
"2017-02-22 16:00","42788.66667","42788","0.666666667","-0.032","4.74","99.1","0.1543","2.316","4.662","97.7","0.1732","NA","NA","NA","NA"
"2017-02-22 17:00","42788.70833","42788","0.708333333","-0.032","3.854","99.2","0.155","2.423","3.643","97.5","0.1732","NA","NA","NA","NA"
"2017-02-22 18:00","42788.75","42788","0.75","-0.032","3.168","99.3","0.155","2.477","3.036","97.5","0.1724","NA","NA","NA","NA"
"2017-02-22 19:00","42788.79167","42788","0.791666667","-0.032","3.142","99.4","0.1528","2.477","2.877","97.5","0.1724","NA","NA","NA","NA"
"2017-02-22 20:00","42788.83333","42788","0.833333333","-0.032","3.617","99.5","0.1528","2.477","3.301","97.6","0.1724","NA","NA","NA","NA"
"2017-02-22 21:00","42788.875","42788","0.875","-0.032","3.985","99.6","0.1528","2.477","3.591","97.7","0.1717","NA","NA","NA","NA"
"2017-02-22 22:00","42788.91667","42788","0.916666667","-0.032","4.298","99.7","0.1535","2.45","3.932","97.9","0.1717","NA","NA","NA","NA"
"2017-02-22 23:00","42788.95833","42788","0.958333333","-0.032","3.958","99.8","0.1535","2.45","3.749","97.8","0.1717","NA","NA","NA","NA"
"2017-02-23 0:00","42789","42789","0","-0.032","3.327","99.9","0.1528","2.477","3.301","97.8","0.1717","NA","NA","NA","NA"
"2017-02-23 1:00","42789.04167","42789","0.041666667","-0.032","3.433","100","0.1528","2.477","3.274","97.7","0.171","NA","NA","NA","NA"
"2017-02-23 2:00","42789.08333","42789","0.083333333","-0.032","4.272","100","0.1528","2.45","3.459","97.8","0.171","NA","NA","NA","NA"
"2017-02-23 3:00","42789.125","42789","0.125","-0.032","4.506","100","0.1535","2.45","3.827","97.9","0.171","NA","NA","NA","NA"
"2017-02-23 4:00","42789.16667","42789","0.166666667","-0.032","5.308","100","0.1535","2.477","4.895","98.2","0.171","NA","NA","NA","NA"
"2017-02-23 5:00","42789.20833","42789","0.208333333","-0.032","6.255","100","0.1543","2.503","6","98.3","0.1702","NA","NA","NA","NA"
"2017-02-23 6:00","42789.25","42789","0.25","-0.032","8.245","100","0.1535","2.53","6.737","98.5","0.1702","NA","NA","NA","NA"
"2017-02-23 7:00","42789.29167","42789","0.291666667","-0.032","12.268","99.7","0.1564","2.584","11.807","99.6","0.1702","NA","NA","NA","NA"
"2017-02-23 8:00","42789.33333","42789","0.333333333","-0.032","13.473","99.2","0.1601","2.664","13.016","97","0.1702","NA","NA","NA","NA"
"2017-02-23 9:00","42789.375","42789","0.375","-0.032","14.673","95.2","0.1623","2.823","14.002","94","0.1702","NA","NA","NA","NA"
"2017-02-23 10:00","42789.41667","42789","0.416666667","-0.032","14.864","89.3","0.1652","3.009","14.409","91.1","0.171","NA","NA","NA","NA"
"2017-02-23 11:00","42789.45833","42789","0.458333333","-0.032","15.867","84.6","0.1688","3.221","15.27","88.1","0.171","NA","NA","NA","NA"
"2017-02-23 12:00","42789.5","42789","0.5","-0.004","17.32","76.4","0.1732","3.485","16.796","81.9","0.171","NA","NA","NA","NA"
"2017-02-23 13:00","42789.54167","42789","0.541666667","-0.004","18.39","66.7","0.1761","3.801","17.51","73.7","0.171","NA","NA","NA","NA"
"2017-02-23 14:00","42789.58333","42789","0.583333333","-0.004","17.986","56.4","0.1768","4.115","17.368","65","0.1702","NA","NA","NA","NA"
"2017-02-23 15:00","42789.625","42789","0.625","-0.004","15.151","57.2","0.179","4.35","14.912","65.9","0.1702","NA","NA","NA","NA"
"2017-02-23 16:00","42789.66667","42789","0.666666667","-0.004","12.025","65.9","0.1797","4.506","11.88","72.2","0.1702","NA","NA","NA","NA"
"2017-02-23 17:00","42789.70833","42789","0.708333333","-0.032","10.59","68.9","0.1782","4.61","10.638","73.9","0.1702","NA","NA","NA","NA"
"2017-02-23 18:00","42789.75","42789","0.75","-0.032","8.145","72.5","0.1775","4.61","8.444","76.2","0.1695","NA","NA","NA","NA"
"2017-02-23 19:00","42789.79167","42789","0.791666667","-0.004","6.484","79","0.1761","4.584","6.813","80.8","0.1688","NA","NA","NA","NA"
"2017-02-23 20:00","42789.83333","42789","0.833333333","-0.004","5.796","82.2","0.1753","4.506","6.153","83.2","0.1688","NA","NA","NA","NA"
"2017-02-23 21:00","42789.875","42789","0.875","-0.032","5.437","84.4","0.1739","4.402","5.668","84","0.1688","NA","NA","NA","NA"
"2017-02-23 22:00","42789.91667","42789","0.916666667","-0.004","3.801","85.1","0.1732","4.298","4.141","85.2","0.1688","NA","NA","NA","NA"
"2017-02-23 23:00","42789.95833","42789","0.958333333","-0.004","4.454","87.7","0.1724","4.22","4.973","87.5","0.1688","NA","NA","NA","NA"
"2017-02-24 0:00","42790","42790","0","-0.004","5.076","88.7","0.1724","4.115","5.076","87.6","0.1688","NA","NA","NA","NA"
"2017-02-24 1:00","42790.04167","42790","0.041666667","-0.032","4.74","87.9","0.1724","4.063","4.818","86.2","0.1681","NA","NA","NA","NA"
"2017-02-24 2:00","42790.08333","42790","0.083333333","-0.032","3.749","86.2","0.1724","4.011","4.246","85.2","0.1681","NA","NA","NA","NA"
"2017-02-24 3:00","42790.125","42790","0.125","-0.004","3.009","87.8","0.1717","3.958","3.775","85.8","0.1681","NA","NA","NA","NA"
"2017-02-24 4:00","42790.16667","42790","0.166666667","-0.004","4.115","88.9","0.1717","3.906","4.298","85.8","0.1681","NA","NA","NA","NA"
"2017-02-24 5:00","42790.20833","42790","0.208333333","-0.004","3.722","88.3","0.1724","3.827","3.985","86.6","0.1673","NA","NA","NA","NA"
"2017-02-24 6:00","42790.25","42790","0.25","-0.004","4.298","91.1","0.1724","3.801","4.194","90","0.1673","NA","NA","NA","NA"
"2017-02-24 7:00","42790.29167","42790","0.291666667","-0.004","4.194","91.4","0.1739","3.749","4.089","89.6","0.1666","NA","NA","NA","NA"
"2017-02-24 8:00","42790.33333","42790","0.333333333","-0.004","3.696","94.3","0.1775","3.722","3.564","93.1","0.1659","NA","NA","NA","NA"
"2017-02-24 9:00","42790.375","42790","0.375","-0.004","3.433","96.4","0.1826","3.696","3.248","94.7","0.1666","NA","NA","NA","NA"
"2017-02-24 10:00","42790.41667","42790","0.416666667","-0.004","3.564","97.3","0.1819","3.67","3.142","95.5","0.1673","NA","NA","NA","NA"
"2017-02-24 11:00","42790.45833","42790","0.458333333","-0.004","4.037","97.7","0.1833","3.643","3.722","95.8","0.1673","NA","NA","NA","NA"
"2017-02-24 12:00","42790.5","42790","0.5","-0.004","4.428","97.8","0.1855","3.617","3.88","95.8","0.1673","NA","NA","NA","NA"
"2017-02-24 13:00","42790.54167","42790","0.541666667","-0.004","4.089","97.6","0.187","3.617","3.67","95.6","0.1673","NA","NA","NA","NA"
"2017-02-24 14:00","42790.58333","42790","0.583333333","-0.004","3.722","97.2","0.187","3.643","3.301","95.5","0.1673","NA","NA","NA","NA"
"2017-02-24 15:00","42790.625","42790","0.625","-0.004","3.749","97.5","0.1862","3.643","3.38","95.8","0.1673","NA","NA","NA","NA"
"2017-02-24 16:00","42790.66667","42790","0.666666667","-0.004","4.558","97.7","0.1862","3.643","4.194","96","0.1666","NA","NA","NA","NA"
"2017-02-24 17:00","42790.70833","42790","0.708333333","-0.004","3.67","97.5","0.1862","3.643","3.485","95.7","0.1666","NA","NA","NA","NA"
"2017-02-24 18:00","42790.75","42790","0.75","-0.004","3.617","97.9","0.1862","3.643","3.459","96.2","0.1666","NA","NA","NA","NA"
"2017-02-24 19:00","42790.79167","42790","0.791666667","-0.004","3.591","98.5","0.1862","3.617","3.406","96.8","0.1666","NA","NA","NA","NA"
"2017-02-24 20:00","42790.83333","42790","0.833333333","-0.004","3.195","99","0.1862","3.617","3.036","97.1","0.1659","NA","NA","NA","NA"
"2017-02-24 21:00","42790.875","42790","0.875","-0.004","2.93","99.4","0.1862","3.591","2.823","97.3","0.1659","NA","NA","NA","NA"
"2017-02-24 22:00","42790.91667","42790","0.916666667","-0.004","2.85","99.7","0.187","3.564","2.69","97.4","0.1659","NA","NA","NA","NA"
"2017-02-24 23:00","42790.95833","42790","0.958333333","-0.004","2.823","99.8","0.187","3.538","2.69","97.6","0.1659","NA","NA","NA","NA"
"2017-02-25 0:00","42791","42791","0","-0.004","2.823","100","0.1891","3.512","2.61","97.6","0.1659","NA","NA","NA","NA"
"2017-02-25 1:00","42791.04167","42791","0.041666667","-0.004","2.877","100","0.1899","3.485","2.69","97.7","0.1681","NA","NA","NA","NA"
"2017-02-25 2:00","42791.08333","42791","0.083333333","-0.004","2.823","100","0.2204","3.459","2.637","97.6","0.1753","NA","NA","NA","NA"
"2017-02-25 3:00","42791.125","42791","0.125","-0.004","2.956","100","0.2269","3.433","2.797","97.7","0.2066","NA","NA","NA","NA"
"2017-02-25 4:00","42791.16667","42791","0.166666667","-0.004","3.089","100","0.2109","3.38","2.903","97.9","0.2254","NA","NA","NA","NA"
"2017-02-25 5:00","42791.20833","42791","0.208333333","-0.004","3.301","100","0.2051","3.354","3.116","98","0.224","NA","NA","NA","NA"
"2017-02-25 6:00","42791.25","42791","0.25","-0.004","3.485","100","0.1978","3.354","3.195","98.1","0.2182","NA","NA","NA","NA"
"2017-02-25 7:00","42791.29167","42791","0.291666667","-0.004","3.643","100","0.1942","3.327","3.406","98","0.2138","NA","NA","NA","NA"
"2017-02-25 8:00","42791.33333","42791","0.333333333","-0.004","4.454","100","0.192","3.327","4.141","98.1","0.2095","NA","NA","NA","NA"
"2017-02-25 9:00","42791.375","42791","0.375","-0.004","6.763","100","0.192","3.354","6.509","98.5","0.2051","NA","NA","NA","NA"
"2017-02-25 10:00","42791.41667","42791","0.416666667","-0.032","6.788","99.5","0.1949","3.38","5.898","96.9","0.2029","NA","NA","NA","NA"
"2017-02-25 11:00","42791.45833","42791","0.458333333","-0.032","7.242","85.4","0.1935","3.433","6.611","81.8","0.2008","NA","NA","NA","NA"
"2017-02-25 12:00","42791.5","42791","0.5","-0.004","7.995","73.9","0.1935","3.485","7.393","77.7","0.1986","NA","NA","NA","NA"
"2017-02-25 13:00","42791.54167","42791","0.541666667","-0.032","7.268","69.7","0.1935","3.564","6.813","75.1","0.1971","NA","NA","NA","NA"
"2017-02-25 14:00","42791.58333","42791","0.583333333","-0.004","5.872","64.9","0.1935","3.643","5.642","70.9","0.1957","NA","NA","NA","NA"
"2017-02-25 15:00","42791.625","42791","0.625","-0.004","4.921","71.1","0.1928","3.696","4.089","75.3","0.1942","NA","NA","NA","NA"
"2017-02-25 16:00","42791.66667","42791","0.666666667","-0.004","2.93","66.5","0.192","3.696","2.717","71.2","0.1928","NA","NA","NA","NA"
"2017-02-25 17:00","42791.70833","42791","0.708333333","-0.004","2.128","62.6","0.1913","3.643","1.913","66.9","0.1913","NA","NA","NA","NA"
"2017-02-25 18:00","42791.75","42791","0.75","-0.004","1.235","64.3","0.1899","3.564","1.126","68.1","0.1906","NA","NA","NA","NA"
"2017-02-25 19:00","42791.79167","42791","0.791666667","-0.004","0.522","65.3","0.1891","3.433","0.439","68.8","0.1891","NA","NA","NA","NA"
"2017-02-25 20:00","42791.83333","42791","0.833333333","-0.004","-0.479","66.9","0.1884","3.327","-0.62","70.5","0.1877","NA","NA","NA","NA"
"2017-02-25 21:00","42791.875","42791","0.875","-0.004","-1.785","78.1","0.1884","3.221","-1.814","78.9","0.187","NA","NA","NA","NA"
"2017-02-25 22:00","42791.91667","42791","0.916666667","-0.004","-2.45","84.7","0.1877","3.142","-2.392","84.1","0.1862","NA","NA","NA","NA"
"2017-02-25 23:00","42791.95833","42791","0.958333333","-0.004","-2.16","86.7","0.187","3.036","-2.044","84.7","0.1855","NA","NA","NA","NA"
"2017-02-26 0:00","42792","42792","0","-0.004","-2.044","77.6","0.1862","2.983","-2.102","77.7","0.184","NA","NA","NA","NA"
"2017-02-26 1:00","42792.04167","42792","0.041666667","-0.004","-2.392","75","0.1855","2.903","-2.363","75.7","0.1833","NA","NA","NA","NA"
"2017-02-26 2:00","42792.08333","42792","0.083333333","-0.004","-2.742","66.6","0.1833","2.823","-2.683","67.7","0.1826","NA","NA","NA","NA"
"2017-02-26 3:00","42792.125","42792","0.125","-0.004","-3.212","65.2","0.1826","2.744","-3.094","67.4","0.1826","NA","NA","NA","NA"
"2017-02-26 4:00","42792.16667","42792","0.166666667","-0.004","-3.212","66.3","0.1826","2.664","-3.124","68.2","0.1819","NA","NA","NA","NA"
"2017-02-26 5:00","42792.20833","42792","0.208333333","-0.004","-2.888","68.2","0.1826","2.61","-2.888","70.7","0.1811","NA","NA","NA","NA"
"2017-02-26 6:00","42792.25","42792","0.25","-0.004","-2.83","72.8","0.1819","2.53","-2.8","75","0.1804","NA","NA","NA","NA"
"2017-02-26 7:00","42792.29167","42792","0.291666667","-0.004","-2.947","75.1","0.1819","2.477","-2.976","77.1","0.1797","NA","NA","NA","NA"
"2017-02-26 8:00","42792.33333","42792","0.333333333","-0.004","-2.334","77.9","0.1811","2.423","-2.537","79.2","0.1797","NA","NA","NA","NA"
"2017-02-26 9:00","42792.375","42792","0.375","-0.004","-1.556","80.6","0.1811","2.37","-2.073","82.1","0.1782","NA","NA","NA","NA"
"2017-02-26 10:00","42792.41667","42792","0.416666667","-0.004","-1.043","75.3","0.1811","2.316","-1.699","76.6","0.1782","NA","NA","NA","NA"
"2017-02-26 11:00","42792.45833","42792","0.458333333","-0.004","-1.413","69.2","0.1811","2.289","-1.556","71.8","0.1775","NA","NA","NA","NA"
"2017-02-26 12:00","42792.5","42792","0.5","-0.004","-0.339","70.4","0.1811","2.262","-0.817","72.8","0.1775","NA","NA","NA","NA"
"2017-02-26 13:00","42792.54167","42792","0.541666667","-0.004","0.77","62.1","0.1819","2.209","0.632","66.8","0.1768","NA","NA","NA","NA"
"2017-02-26 14:00","42792.58333","42792","0.583333333","-0.004","2.155","55.8","0.1826","2.209","0.989","61.6","0.1768","NA","NA","NA","NA"
"2017-02-26 15:00","42792.625","42792","0.625","-0.004","2.262","52.3","0.1826","2.182","2.128","58.9","0.1761","NA","NA","NA","NA"
"2017-02-26 16:00","42792.66667","42792","0.666666667","-0.004","2.047","51.1","0.1819","2.155","1.778","57","0.1761","NA","NA","NA","NA"
"2017-02-26 17:00","42792.70833","42792","0.708333333","-0.004","0.989","56.3","0.1819","2.182","0.852","61.2","0.1761","NA","NA","NA","NA"
"2017-02-26 18:00","42792.75","42792","0.75","-0.004","0.439","60.8","0.1811","2.182","0.301","65.1","0.1753","NA","NA","NA","NA"
"2017-02-26 19:00","42792.79167","42792","0.791666667","-0.004","0.605","61","0.1811","2.182","0.467","64.9","0.1746","NA","NA","NA","NA"
"2017-02-26 20:00","42792.83333","42792","0.833333333","-0.004","0.632","60.7","0.1804","2.182","0.439","64.5","0.1746","NA","NA","NA","NA"
"2017-02-26 21:00","42792.875","42792","0.875","-0.004","1.534","62.7","0.1804","2.182","1.48","66.4","0.1746","NA","NA","NA","NA"
"2017-02-26 22:00","42792.91667","42792","0.916666667","-0.004","1.48","63.8","0.1804","2.182","1.425","67.1","0.1746","NA","NA","NA","NA"
"2017-02-26 23:00","42792.95833","42792","0.958333333","-0.004","1.913","65.3","0.1804","2.155","1.967","68","0.1739","NA","NA","NA","NA"
"2017-02-27 0:00","42793","42793","0","-0.004","2.983","65.4","0.1797","2.155","2.823","67.8","0.1739","NA","NA","NA","NA"
"2017-02-27 1:00","42793.04167","42793","0.041666667","-0.004","3.248","60.4","0.1804","2.155","3.063","64.2","0.1739","NA","NA","NA","NA"
"2017-02-27 2:00","42793.08333","42793","0.083333333","-0.004","3.538","60.4","0.1804","2.155","3.168","64.9","0.1732","NA","NA","NA","NA"
"2017-02-27 3:00","42793.125","42793","0.125","-0.004","3.274","60.7","0.1804","2.155","3.248","65.2","0.1732","NA","NA","NA","NA"
"2017-02-27 4:00","42793.16667","42793","0.166666667","-0.004","2.744","61.7","0.1804","2.155","2.61","65.8","0.1724","NA","NA","NA","NA"
"2017-02-27 5:00","42793.20833","42793","0.208333333","-0.004","2.128","65.1","0.1804","2.155","2.101","68.6","0.1724","NA","NA","NA","NA"
"2017-02-27 6:00","42793.25","42793","0.25","-0.004","1.697","68.2","0.1804","2.155","1.67","71","0.1724","NA","NA","NA","NA"
"2017-02-27 7:00","42793.29167","42793","0.291666667","-0.004","1.262","70","0.1797","2.155","1.453","72.5","0.1717","NA","NA","NA","NA"
"2017-02-27 8:00","42793.33333","42793","0.333333333","-0.004","3.168","70.3","0.1797","2.128","2.316","73.1","0.1717","NA","NA","NA","NA"
"2017-02-27 9:00","42793.375","42793","0.375","-0.004","4.688","65.2","0.1811","2.128","4.272","69.8","0.1717","NA","NA","NA","NA"
"2017-02-27 10:00","42793.41667","42793","0.416666667","-0.004","6.687","59.9","0.1826","2.155","6.204","65.3","0.171","NA","NA","NA","NA"
"2017-02-27 11:00","42793.45833","42793","0.458333333","-0.004","8.419","55.1","0.184","2.209","7.142","61.2","0.171","NA","NA","NA","NA"
"2017-02-27 12:00","42793.5","42793","0.5","-0.004","8.99","51.2","0.1848","2.316","8.742","58.1","0.171","NA","NA","NA","NA"
"2017-02-27 13:00","42793.54167","42793","0.541666667","-0.004","9.238","47.9","0.187","2.53","8.419","54.7","0.171","NA","NA","NA","NA"
"2017-02-27 14:00","42793.58333","42793","0.583333333","-0.004","9.287","46.7","0.1877","2.744","8.717","53.5","0.171","NA","NA","NA","NA"
"2017-02-27 15:00","42793.625","42793","0.625","-0.004","9.238","43.5","0.1891","2.903","9.015","50.7","0.1702","NA","NA","NA","NA"
"2017-02-27 16:00","42793.66667","42793","0.666666667","-0.004","9.262","42.1","0.1891","3.036","8.817","48.1","0.1702","NA","NA","NA","NA"
"2017-02-27 17:00","42793.70833","42793","0.708333333","-0.004","8.841","42.4","0.1899","3.142","8.519","48.3","0.1702","NA","NA","NA","NA"
"2017-02-27 18:00","42793.75","42793","0.75","-0.004","5.462","45.3","0.1891","3.195","6.179","49.9","0.1695","NA","NA","NA","NA"
"2017-02-27 19:00","42793.79167","42793","0.791666667","-0.004","4.714","50.8","0.1884","3.221","4.869","54.9","0.1695","NA","NA","NA","NA"
"2017-02-27 20:00","42793.83333","42793","0.833333333","-0.004","4.973","54.3","0.1884","3.221","4.844","59.7","0.1688","NA","NA","NA","NA"
"2017-02-27 21:00","42793.875","42793","0.875","-0.004","2.61","61.5","0.1891","3.221","3.749","64.5","0.1688","NA","NA","NA","NA"
"2017-02-27 22:00","42793.91667","42793","0.916666667","-0.004","1.398","70.2","0.1877","3.221","1.561","72.1","0.1688","NA","NA","NA","NA"
"2017-02-27 23:00","42793.95833","42793","0.958333333","-0.004","0.273","75.4","0.1884","3.195","0.715","77.6","0.1681","NA","NA","NA","NA"
"2017-02-28 0:00","42794","42794","0","-0.004","0.852","77.3","0.1877","3.142","0.797","80.4","0.1681","NA","NA","NA","NA"
"2017-02-28 1:00","42794.04167","42794","0.041666667","-0.004","1.534","78.2","0.1884","3.089","1.317","80.8","0.1681","NA","NA","NA","NA"
"2017-02-28 2:00","42794.08333","42794","0.083333333","-0.004","0.605","83.5","0.1884","3.036","0.934","83.4","0.1681","NA","NA","NA","NA"
"2017-02-28 3:00","42794.125","42794","0.125","-0.004","0.246","87","0.1884","3.009","0.329","86","0.1681","NA","NA","NA","NA"
"2017-02-28 4:00","42794.16667","42794","0.166666667","-0.004","0.079","89.2","0.1884","2.956","0.107","88.1","0.1673","NA","NA","NA","NA"
"2017-02-28 5:00","42794.20833","42794","0.208333333","-0.004","-0.873","90.6","0.1877","2.93","-0.339","89.1","0.1673","NA","NA","NA","NA"
"2017-02-28 6:00","42794.25","42794","0.25","-0.004","-1.958","92.2","0.1877","2.903","-1.185","90.1","0.1673","NA","NA","NA","NA"
"2017-02-28 7:00","42794.29167","42794","0.291666667","-0.004","-1.128","93.4","0.1877","2.85","-1.213","91.2","0.1673","NA","NA","NA","NA"
"2017-02-28 8:00","42794.33333","42794","0.333333333","-0.004","1.18","94.4","0.1877","2.797","0.825","91.8","0.1673","NA","NA","NA","NA"
"2017-02-28 9:00","42794.375","42794","0.375","-0.004","3.248","95","0.1884","2.744","2.557","93.2","0.1673","NA","NA","NA","NA"
"2017-02-28 10:00","42794.41667","42794","0.416666667","-0.004","5.128","92.7","0.1891","2.744","4.662","90.6","0.1666","NA","NA","NA","NA"
"2017-02-28 11:00","42794.45833","42794","0.458333333","-0.004","6.965","83.1","0.1906","2.797","5.872","84","0.1666","NA","NA","NA","NA"
"2017-02-28 12:00","42794.5","42794","0.5","-0.004","6.23","81","0.192","2.903","5.668","82.7","0.1666","NA","NA","NA","NA"
"2017-02-28 13:00","42794.54167","42794","0.541666667","-0.004","6.535","80","0.1935","3.009","5.847","82","0.1666","NA","NA","NA","NA"
"2017-02-28 14:00","42794.58333","42794","0.583333333","-0.004","6.611","80","0.1935","3.116","6","82","0.1666","NA","NA","NA","NA"
"2017-02-28 15:00","42794.625","42794","0.625","-0.004","6.687","81.5","0.1949","3.221","6.179","83.2","0.1666","NA","NA","NA","NA"
"2017-02-28 16:00","42794.66667","42794","0.666666667","-0.004","6.484","82.8","0.1957","3.327","6.179","84.2","0.1666","NA","NA","NA","NA"
"2017-02-28 17:00","42794.70833","42794","0.708333333","0.024","6.585","83.2","0.1964","3.406","6.408","84.1","0.1666","NA","NA","NA","NA"
"2017-02-28 18:00","42794.75","42794","0.75","0.024","6.051","83.9","0.1971","3.459","5.924","84.5","0.1666","NA","NA","NA","NA"
"2017-02-28 19:00","42794.79167","42794","0.791666667","0.024","5.821","85.6","0.1978","3.485","5.591","86","0.1659","NA","NA","NA","NA"
"2017-02-28 20:00","42794.83333","42794","0.833333333","0.024","5.898","87.2","0.1978","3.512","5.539","88.1","0.1659","NA","NA","NA","NA"
"2017-02-28 21:00","42794.875","42794","0.875","0.024","6.255","87.8","0.2","3.538","6.102","87.9","0.1659","NA","NA","NA","NA"
"2017-02-28 22:00","42794.91667","42794","0.916666667","0.024","6.382","91.3","0.2029","3.564","5.975","93.2","0.1659","NA","NA","NA","NA"
"2017-02-28 23:00","42794.95833","42794","0.958333333","0.024","6.357","93.6","0.2029","3.591","6.051","94.8","0.1652","NA","NA","NA","NA"
